Workbook

Sheet METALIC - SẦN
B1: Nhôm Viralwindow | D1: XÁM SẦN
A2: STT | B2: TÊN GỌI | C2: MÃ CÂY | D2: MẶT CẮT | E2: TỒN ĐẦU KỲ
A3: 1 | B3: VRA-Hệ 55 Mở quay
A4: 2 | B4: Khung vách | C4: C3209 | E4: 6
A5: 3 | B5: Khung bao cửa sổ mở quay | C5: C3318 | E5: 2
A6: 4 | B6: Cây đảo khuôn bao | C6: C3208 | E6: 8
A7: 5 | B7: Cánh cửa sổ mở ngoài | C7: C3202 | E7: 3
A8: 6 | B8: Đố tĩnh chia Khung cửa sổ | C8: C3313 | E8: 5
A9: 7 | B9: Đố tĩnh chia cánh | C9: C3203 | E9: 6
A10: 8 | B10: Đố động cửa sổ | C10: C3033 | E10: 0
A11: 9 | B11: Khung bao cửa đi | C11: C3328 | E11: 22
A12: 10 | B12: Cánh cửa đi mở ngoài | C12: C3303 | E12: 12
A13: 11 | B13: Cánh cửa đi mở trong | C13: C3332 | E13: 19
A14: 12 | B14: Đố ngang dưới cánh cửa đi | C14: C3304 | E14: 8
A15: 13 | B15: Đố động cửa đi | C15: C3323 | E15: 16
... A29: 27 | B29: Nan chớp | C29: E192 | E29: 0
A30: 28 | B30: VRA-Hệ 50 | E30: 0
A31: 29 | B31: Cánh cửa sổ | C31: B46 | E31: 0
A32: 30 | B32: Cánh cửa đi | C32: B45 | E32: 0
A33: 31 | B33: Chia ô nhỏ | C33: Q56A | E33: 0
A34: 32 | B34: VRA-Hệ 64 Cửa sổ lùa | E34: 0
A35: 33 | B35: Khung cửa lùa | C35: 55601 | E35: 0
A36: 34 | B36: Cánh cửa lùa | C36: 55602 | E36: 2
A37: 35 | B37: Ốp móc cửa lùa | C37: 55603 | E37: 1
A38: 36 | B38: Đối đầu | E38: 0
A39: 37 | B39: VRA-Hệ 95 Cửa đi lùa | E39: 0
A40: 38 | B40: Khung cửa lùa | C40: D9302 | E40: 0
A41: 39 | B41: Khung cửa lùa | C41: D9302B | E41: 0
A42: 40 | B42: Khung cửa lùa | C42: D9502 | E42: 0
A43: 41 | B43: Khung cửa lùa | C43: D9521 | E43: 0
A44: 42 | B44: Cánh cửa lùa | C44: D9301B | E44: 0
A45: 43 | B45: Ốp móc cửa lùa | C45: D9306B | E45: 0
A46: 44 | B46: Hèm đối đầu | C46: D9307 | E46: 0
A47: 45 | B47: Bịt khung | C47: D9303 | E47: 0
A48: 46 | B48: Bịt khung | C48: D9303B | E48: 0
A49: 47 | B49: Dẫn hướng | C49: D9305 | E49: 0
A50: 48 | B50: Khung fix | C50: D9519 | E50: 0
A51: 49 | B51: Nẹp khung fix cửa lùa | C51: C101 | E51: 0
A52: 50 | B52: Nẹp sập khung nhỏ | C52: D9304 | E52: 0
A53: 51 | B53: VRE-Hệ 55 Mở quay | E53: 0
A54: 52 | B54: Khung bao cửa đi | C54: ALUK-EU C5501 | E54: 10
A55: 53 | B55: Khung bao cửa sổ | C55: ALUK-EU C5502 | E55: 8
A56: 54 | B56: Cánh cđ mở ngoài kép | C56: ALUK-EU C5503S | E56: 10
A57: 55 | B57: Cánh cđ mở trong kép | C57: ALUK-EU C5504S | E57: 0
A58: 56 | B58: Cánh cửa sổ kép | C58: ALUK-EU C5505S | E58: 4
A59: 57 | B59: Đố T | C59: ALUK-EU C5506 | E59: 0
A60: 58 | B60: Đố động | C60: ALUK-EU C5507 | E60: 0
A61: 59 | B61: Lật khung | C61: ALUK-EU C5508 | E61: 0
A62: 60 | B62: Chắn nước | C62: ALUK-EU C5509 | E62: 0
A63: 61 | B63: Quay góc | C63: ALUK-EU C5510 | E63: 0
A64: 62 | B64: Sập (kính 35) | C64: ALUK-EU C5512 | E64: 0
A65: 63 | B65: VRE -Hệ 65 Mở quay | E65: 0
A66: 64 | B66: Khung bao cửa đi | C66: ALUK-EU C6501 | E66: 1
A67: 65 | B67: Khung bao cửa sổ | C67: ALUK-EU C6502 | E67: 1
A68: 66 | B68: Cánh cđ mở ngoài kép | C68: ALUK-EU C6503S | E68: 4
A69: 67 | B69: Cánh cđ mở trong kép | C69: ALUK-EU C6504S | E69: 2
A70: 68 | B70: Cánh cửa sổ kép | C70: ALUK-EU C6505S | E70: 21
A71: 69 | B71: Cánh cửa sổ mở trong kép | C71: ALUK-EU C6504S | E71: 0
A72: 70 | B72: Đố T | C72: ALUK-EU C6506 | E72: 4
A73: 71 | B73: Đố động | C73: ALUK-EU C6507 | E73: 3
A74: 72 | B74: Lật khung | C74: ALUK-EU C6508 | E74: 3
A75: 73 | B75: Chắn nước | C75: ALUK-EU C6509 | E75: 1
A76: 74 | B76: Quay góc | C76: ALUK-EU C6510 | E76: 0
A77: 75 | B77: I nối | C77: ALUK-EU C6511 | E77: 0
... A80: 78 | B80: Sập (kính 15) - 45 | C80: ALUK-EU C6514 | E80: 26
A81: 79 | B81: VRE-Hệ lùa 94 | E81: 0
A82: 80 | B82: Khung bao lùa | C82: ALUK-EU L9401 | E82: 15
A83: 81 | B83: Khung cửa lùa không gân | C83: ALUK-EU L9401B | E83: 0
A84: 82 | B84: Cánh lùa | C84: ALUK-EU L9402 | E84: 23
A85: 83 | B85: Ốp móc | C85: ALUK-EU L9403 | E85: 4
A86: 84 | B86: Đối đầu - 35 | C86: ALUK-EU L9404 | E86: 0
A87: 85 | B87: Chắn nước | C87: ALUK-EU L9405 | E87: 6
A88: 86 | B88: Dẫn hướng trên | C88: ALUK-EU L9406 | E88: 9
A89: 87 | B89: Khung bao fix | C89: ALUK-EU L9409 | E89: 0
A90: 88 | B90: DĐố chia fix - 35 | C90: ALUK-EU L9410 | E90: 0
A91: 89 | B91: Sập kính thường (kính 15) | C91: ALUK-EU L9407 | E91: 20
A92: 90 | B92: Sập kính hộp (kính 23) | C92: ALUK-EU L9408 | E92: 0
A93: 91 | B93: VRA- Hệ LùaVRA94 | E93: 0
A94: 92 | B94: Cánh đi cửa lùa VRA94 | C94: ALUK-EUL9411 | E94: 0
A95: 93 | B95: Khung cửa lùa VRA94 | C95: ALUK-EUL9412 | E95: 0
A96: 94 | B96: Ray cửa lùa VRA94 | C96: ALUK-EUL9413 | E96: 0
B97: Ray nhôm bọc Inox (màu den) | E97: 0
B98: Ray Inox cho cửa lùa 94/120 | E98: 0
B99: Nẹp nhựa ốp hèm 94 | E99: 0
B100: Nẹp nhựa ốp miệng khoá 94 | E100: 0
A101: 95 | B101: VRE- Hệ Lùa 120 & 180 | E101: 0
A102: 96 | B102: Khung bao lùa | C102: ALUK-EU L12001 | E102: 9
A103: 97 | B103: Ray thấp | C103: ALUK-EU L12002 | E103: 3
A104: 98 | B104: Dẫn hướng trên | C104: ALUK-EU L12003 | E104: 3
A105: 99 | B105: Ốp bên | C105: ALUK-EU L12004 | E105: 4
A106: 100 | B106: Ốp bên | C106: ALUK-EU L12005 | E106: 3
A107: 101 | B107: Cánh lùa | C107: ALUK-EU L12006 | E107: 33
A108: 102 | B108: Ốp móc | C108: ALUK-EU L12007 | E108: 21
A109: 103 | B109: Đối đầu | C109: ALUK-EU L12008 | E109: 0
A110: 104 | B110: Khung bao fix | C110: ALUK-EU L12009 | E110: 1
A111: 105 | B111: Đố T - 45 | C111: ALUK-EU L12010 | E111: 0
A112: 106 | B112: Sập kính thường (kính 18) | C112: ALUK-EU L12011 | E112: 6
A113: 107 | B113: Sập kính hộp (kính 35) | C113: ALUK-EU L12012 | E113: 22
... A124: 118 | B124: Chèn lưới muỗi | C124: ALUK-EU L18011 | E124: 0
A125: 119 | B125: VRE- Hệ Xếp Trượt 75 | E125: 0
...

Sheet Viralwindow --DC
A1: Bảng nhôm Nhôm Viralwindow-Màu Xám Sần
G2: Ngày 13 thàng 07 năm 2021
A3: Tên gọi | B3: Mã cây | C3: Mặt Cắt | D3: Số lượng cây | E3: >500 | F3: 500-1000 | G3: 1000-1500 | H3: 1500-2000 | I3: 2000-2500 | J3: 2500-3000 | K3: 3000-3500 | L3: 3500-4000 | M3: 4000-4500 | N3: 4500-5000 | O3: Chú ý
A4: VRA-Hệ 55 Mở quay
A5: Khung vách | B5: C3209 | D5: =6+6+6+6+6+6 -> 36
A6: Khung bao cửa sổ mở quay | B6: C3318 | D6: =1+5+6+1+6+6 -> 25 | K6: 1 | M6: 1
A7: Cây đảo khuôn bao | B7: C3208 | D7: 10 | M7: 1
A8: Cánh cửa sổ mở ngoài | B8: C3202 | D8: 33
A9: Đố tĩnh chia Khung cửa sổ | B9: C3313 | D9: 5
A10: Đố tĩnh chia cánh | B10: C3203 | D10: 10
A11: Đố động cửa sổ | B11: C3033
A12: Khung bao cửa đi | B12: C3328 | D12: =36+4 -> 40
A13: Cánh cửa đi mở ngoài | B13: C3303 | D13: 23 | L13: 1
A14: Cánh cửa đi mở trong | B14: C3332 | D14: 14
A15: Đố ngang dưới cánh cửa đi | B15: C3304 | D15: 14
A16: Đố động cửa đi | B16: C3323 | D16: 20
A17: Ốp chân cánh cửa đi | B17: C3329 | D17: 10
A18: Nẹp kính đơn >12mm | B18: C3295 | D18: =40+16*3+2 -> 90
A19: Nẹp kính khung bao | B19: C3296
A20: Nẹp kính hộp >22mm | B20: C3236
A21: Nẹp kính hộp >25mm | B21: C3286
A22: Sập kính hộp cho khung > 21mm | B22: C3225
A23: Thanh chuyển góc 90 độ | B23: C3326 | D23: 5
A24: Thanh tăng cứng vách và cửa | B24: C3310
A25: Cây chuyển góc 135 độ | B25: C910
A26: Thanh ghép 2mm | B26: C3300 | D26: 20
A27: Pano | B27: F077
A28: Ngưỡng cửa đi | B28: C3319
A29: Khung chớp | B29: E1283
A30: Nan chớp | B30: E192
A31: VRA-Hệ 64 Cửa sổ lùa
A32: Khung cửa lùa | B32: 55601
A33: Cánh cửa lùa | B33: 55602 | D33: 2
A34: Ốp móc cửa lùa | B34: 55603 | D34: 1
A35: Đối đầu
A36: VRA-Hệ 95 Cửa đi lùa
A37: Khung cửa lùa | B37: D9302
A38: Khung cửa lùa | B38: D9302B
A39: Khung cửa lùa | B39: D9502 | D39: 2 | L39: 1
A40: Khung cửa lùa | B40: D9521
A41: Cánh cửa lùa | B41: D9301B | D41: 2
A42: Ốp móc cửa lùa | B42: D9306B
A43: Hèm đối đầu | B43: D9307
A44: Bịt khung | B44: D9303
A45: Bịt khung | B45: D9303B
A46: Dẫn hướng | B46: D9305
A47: Khung fix | B47: D9519
A48: Nẹp khung fix cửa lùa | B48: C101
A49: Nẹp sập khung nhỏ | B49: D9304
A50: VRE-Hệ 55 Mở quay
A51: Khung bao cửa đi | B51: ALUK-EU C5501 | D51: 10
A52: Khung bao cửa sổ | B52: ALUK-EU C5502 | D52: 14
A53: Cánh cđ mở ngoài kép | B53: ALUK-EU C5503S | D53: 11
A54: Cánh cđ mở trong kép | B54: ALUK-EU C5504S | D54: 4
A55: Cánh cửa sổ kép | B55: ALUK-EU C5505S | D55: 23
A56: Đố T | B56: ALUK-EU C5506 | D56: 4
A57: Đố động | B57: ALUK-EU C5507 | D57: 2
A58: Lật khung | B58: ALUK-EU C5508
A59: Chắn nước | B59: ALUK-EU C5509 | D59: 1
A60: Quay góc | B60: ALUK-EU C5510
A61: Sập (kính 35) | B61: ALUK-EU C5512 | D61: 26
A62: VRE -Hệ 65 Mở quay
A63: Khung bao cửa đi | B63: ALUK-EU C6501 | D63: 1 | G63: 1
A64: Khung bao cửa sổ | B64: ALUK-EU C6502 | D64: 9
A65: Cánh cđ mở ngoài kép | B65: ALUK-EU C6503S | D65: 3
A66: Cánh cđ mở trong kép | B66: ALUK-EU C6504S | D66: 2
A67: Cánh cửa sổ kép | B67: ALUK-EU C6505S | D67: 18 | G67: 1
A68: Đố T | B68: ALUK-EU C6506 | D68: 4
A69: Đố động | B69: ALUK-EU C6507 | D69: 2
A70: Lật khung | B70: ALUK-EU C6508 | D70: 4
A71: Chắn nước | B71: ALUK-EU C6509 | D71: 1 | M71: 1
A72: Quay góc | B72: ALUK-EU C6510 | D72: 1 | K72: 1
A73: I nối | B73: ALUK-EU C6511 | D73: 33
A74: Sập (kính 35) | B74: ALUK-EU C6512 | D74: 16
A75: Sập (kính 25) | B75: ALUK-EU C6513 | D75: =12+16+9+16*3 -> 85
A76: Sập (kính 15) | B76: ALUK-EU C6514 | D76: 3
A77: VRE-Hệ lùa 94
A78: Khung bao lùa | B78: ALUK-EU L9401 | D78: 16 | M78: 1
A79: Cánh lùa | B79: ALUK-EU L9402 | D79: 23 | M79: 1
A80: Ốp móc | B80: ALUK-EU L9403 | D80: 5
A81: Đối đầu | B81: ALUK-EU L9404
A82: Chắn nước | B82: ALUK-EU L9405 | D82: 18
A83: Dẫn hướng trên | B83: ALUK-EU L9406 | D83: 1
A84: Khung bao fix | B84: ALUK-EU L9409
A85: DĐố chia fix | B85: ALUK-EU L9410
A86: Sập kính thường (kính 15) | B86: ALUK-EU L9407 | D86: =22+10+1+20 -> 53
A87: Sập kính hộp (kính 23) | B87: ALUK-EU L9408
A88: VRE- Hệ Lùa 120 & 180
A89: Khung bao lùa | B89: ALUK-EU L12001 | D89: 10
A90: Ray thấp | B90: ALUK-EU L12002 | D90: 3
A91: Dẫn hướng trên | B91: ALUK-EU L12003 | D91: 3 | M91: 1
A92: Ốp bên | B92: ALUK-EU L12004 | D92: 4
A93: Ốp bên | B93: ALUK-EU L12005 | D93: 4 | L93: 1
A94: Cánh lùa | B94: ALUK-EU L12006 | D94: =3+2*5+4+2*9 -> 35
A95: Ốp móc | B95: ALUK-EU L12007 | D95: 23
A96: Đối đầu | B96: ALUK-EU L12008
A97: Khung bao fix | B97: ALUK-EU L12009 | D97: 1
A98: Đố T | B98: ALUK-EU L12010
A99: Sập kính thường (kính 18) | B99: ALUK-EU L12011 | D99: 12
A100: Sập kính hộp (kính 35) | B100: ALUK-EU L12012
...

Sheet TỒN KHO
H1: =H128*1.05 -> 0 | I1: =I128 -> 398 | J1: =J128 -> 0 | K1: =K128 -> 940 | L1: =L128*1.05 -> 4777.0443
A2: STT | B2: TÊN GỌI | C2: MÃ CÂY | D2: MẶT CẮT | E2: MÀU SẮC | F2: TỶ TRỌNG THÔ | G2: tồn kho kiểm ngày 18.11 (cây) | H2: TỒN ĐẦU KỲ THEO KG | I2: NHẬP | J2: XUẤT | K2: TỒN CUỐI KỲ VIRAL (cây) | L2: TỒN CUỐI KỲ THEO KG | M2: TỒN BÊN KHO YANGLY | N2: GHI CHÚ | O2: SO SÁNH
A3: Nhà CC | I3: =I122+I111+I96+I71+I62+I49+I46+I42+I38+I5 -> 398 | J3: =J5+J38+J42+J46+J49+J62+J71+J96+J111+J122 -> 230 | K3: 4=1+2+3 | L3: A*4*6m
A4: Ngày
A5: I | B5: VRA-Hệ 55 Mở quay | E5: Xám sần | G5: =SUM(G6:G37) -> 354 | H5: =SUM(H6:H37) -> 1392.006 | I5: =SUM(I6:I37) -> 85 | J5: =SUM(J6:J37) -> 85 | K5: =SUM(K6:K37) -> 354 | L5: =SUM(L6:L37) -> 1380.684 | N5: =SUM(N6:N37) -> 0 | O5: =SUM(O6:O37) -> 0
A6: 1 | B6: Khung vách | C6: C3209 | E6: Xám sần | F6: 0.842 | G6: 15 | H6: =F6*G6*6 -> 75.78 | I6: =VLOOKUP(C6,'NHẬP KHO '!C:U,18,0) -> 26 | J6: =VLOOKUP(C6,'XUẤT KHO'!C:Z,23,0) -> 6 | K6: =G6+I6-J6 -> 35 | L6: =F6*K6*6 -> 176.82
A7: 2 | B7: Khung bao cửa sổ mở quay | C7: C3318 | E7: Xám sần | F7: 0.887 | G7: 8 | H7: =F7*G7*6 -> 42.576 | I7: =VLOOKUP(C7,'NHẬP KHO '!C:U,18,0) -> 0 | J7: =VLOOKUP(C7,'XUẤT KHO'!C:Z,23,0) -> 3 | K7: =G7+I7-J7 -> 5 | L7: =F7*K7*6 -> 26.61
A8: 3 | B8: Cây đảo khuôn bao | C8: C3208 | E8: Xám sần | F8: 0.798 | H8: =F8*G8*6 -> 0 | I8: =VLOOKUP(C8,'NHẬP KHO '!C:U,18,0) -> 0 | J8: =VLOOKUP(C8,'XUẤT KHO'!C:Z,23,0) -> 0 | K8: =G8+I8-J8 -> 0 | L8: =F8*K8*6 -> 0
A9: 4 | B9: Cánh cửa sổ mở ngoài | C9: C3202P | E9: Xám sần | F9: 1.127 | G9: 1 | H9: =F9*G9*6 -> 6.762 | I9: =VLOOKUP(C9,'NHẬP KHO '!C:U,18,0) -> 0 | J9: =VLOOKUP(C9,'XUẤT KHO'!C:Z,23,0) -> 0 | K9: =G9+I9-J9 -> 1 | L9: =F9*K9*6 -> 6.762
A10: 5 | B10: Đố tĩnh chia Khung cửa sổ | C10: C3313 | E10: Xám sần | F10: 1.056 | G10: 11 | H10: =F10*G10*6 -> 69.696 | I10: =VLOOKUP(C10,'NHẬP KHO '!C:U,18,0) -> 0 | J10: =VLOOKUP(C10,'XUẤT KHO'!C:Z,23,0) -> 0 | K10: =G10+I10-J10 -> 11 | L10: =F10*K10*6 -> 69.696
A11: 6 | B11: Đố tĩnh chia cánh | C11: C3203 | E11: Xám sần | F11: 1.001 | G11: 9 | H11: =F11*G11*6 -> 54.054 | I11: =VLOOKUP(C11,'NHẬP KHO '!C:U,18,0) -> 0 | J11: =VLOOKUP(C11,'XUẤT KHO'!C:Z,23,0) -> 1 | K11: =G11+I11-J11 -> 8 | L11: =F11*K11*6 -> 48.048
A12: 7 | B12: Khung bao cửa đi | C12: C3328 | E12: Xám sần | F12: 1.286 | G12: 18 | H12: =F12*G12*6 -> 138.888 | I12: =VLOOKUP(C12,'NHẬP KHO '!C:U,18,0) -> 0 | J12: =VLOOKUP(C12,'XUẤT KHO'!C:Z,23,0) -> 4 | K12: =G12+I12-J12 -> 14 | L12: =F12*K12*6 -> 108.024
A13: 8 | B13: Cánh cửa đi mở ngoài | C13: C3303P | E13: Xám sần | F13: 1.496 | H13: =F13*G13*6 -> 0 | I13: =VLOOKUP(C13,'NHẬP KHO '!C:U,18,0) -> 0 | J13: =VLOOKUP(C13,'XUẤT KHO'!C:Z,23,0) -> 0 | K13: =G13+I13-J13 -> 0 | L13: =F13*K13*6 -> 0
A14: 9 | B14: Cánh cửa đi mở trong | C14: C3332P | E14: Xám sần | F14: 1.496 | G14: 12 | H14: =F14*G14*6 -> 107.712 | I14: =VLOOKUP(C14,'NHẬP KHO '!C:U,18,0) -> 0 | J14: =VLOOKUP(C14,'XUẤT KHO'!C:Z,23,0) -> 0 | K14: =G14+I14-J14 -> 12 | L14: =F14*K14*6 -> 107.712
A15: 10 | B15: Đố ngang dưới cánh cửa đi | C15: C3304P | E15: Xám sần | F15: 2.107 | H15: =F15*G15*6 -> 0 | I15: =VLOOKUP(C15,'NHẬP KHO '!C:U,18,0) -> 0 | J15: =VLOOKUP(C15,'XUẤT KHO'!C:Z,23,0) -> 0 | K15: =G15+I15-J15 -> 0 | L15: =F15*K15*6 -> 0
A16: 11 | B16: Đố động cửa đi và cửa sổ nhập Yangly | C16: C3323 | E16: Xám sần | F16: 0.828 | G16: 24 | H16: =F16*G16*6 -> 119.232 | I16: =VLOOKUP(C16,'NHẬP KHO '!C:U,18,0) -> 0 | J16: =VLOOKUP(C16,'XUẤT KHO'!C:Z,23,0) -> 1 | K16: =G16+I16-J16 -> 23 | L16: =F16*K16*6 -> 114.264
A17: 12 | B17: Ốp chân cánh cửa đi | C17: C3329 | E17: Xám sần | F17: 0.448 | H17: =F17*G17*6 -> 0 | I17: =VLOOKUP(C17,'NHẬP KHO '!C:U,18,0) -> 0 | J17: =VLOOKUP(C17,'XUẤT KHO'!C:Z,23,0) -> 0 | K17: =G17+I17-J17 -> 0 | L17: =F17*K17*6 -> 0
A18: 13 | B18: Nẹp kính đơn >12mm | C18: C3295 | E18: Xám sần | F18: 0.238 | G18: 11 | H18: =F18*G18*6 -> 15.708 | I18: =VLOOKUP(C18,'NHẬP KHO '!C:U,18,0) -> 0 | J18: =VLOOKUP(C18,'XUẤT KHO'!C:Z,23,0) -> 8 | K18: =G18+I18-J18 -> 3 | L18: =F18*K18*6 -> 4.284
A19: 14 | B19: Nẹp kính khung bao | C19: C3296 | E19: Xám sần | F19: 0.246 | H19: =F19*G19*6 -> 0 | I19: =VLOOKUP(C19,'NHẬP KHO '!C:U,18,0) -> 0 | J19: =VLOOKUP(C19,'XUẤT KHO'!C:Z,23,0) -> 0 | K19: =G19+I19-J19 -> 0 | L19: =F19*K19*6 -> 0
A20: 15 | B20: Nẹp kính hộp >22mm | C20: C3236 | E20: Xám sần | F20: 0.238 | G20: 7 | H20: =F20*G20*6 -> 9.996 | I20: =VLOOKUP(C20,'NHẬP KHO '!C:U,18,0) -> 0 | J20: =VLOOKUP(C20,'XUẤT KHO'!C:Z,23,0) -> 1 | K20: =G20+I20-J20 -> 6 | L20: =F20*K20*6 -> 8.568
A21: 16 | B21: Nẹp kính hộp >25mm | C21: C3286 | E21: Xám sần | F21: 0.238 | G21: 30 | H21: =F21*G21*6 -> 42.84 | I21: =VLOOKUP(C21,'NHẬP KHO '!C:U,18,0) -> 0 | J21: =VLOOKUP(C21,'XUẤT KHO'!C:Z,23,0) -> 0 | K21: =G21+I21-J21 -> 30 | L21: =F21*K21*6 -> 42.84
A22: 17 | B22: Sập kính hộp cho khung > 21mm | C22: C3225 | E22: Xám sần | F22: 0.233 | H22: =F22*G22*6 -> 0 | I22: =VLOOKUP(C22,'NHẬP KHO '!C:U,18,0) -> 0 | J22: =VLOOKUP(C22,'XUẤT KHO'!C:Z,23,0) -> 0 | K22: =G22+I22-J22 -> 0 | L22: =F22*K22*6 -> 0
A23: 18 | B23: Thanh chuyển góc 90 độ (góc vát) | C23: C3326 | E23: Xám sần | F23: 0.933 | G23: 2 | H23: =F23*G23*6 -> 11.196 | I23: =VLOOKUP(C23,'NHẬP KHO '!C:U,18,0) -> 0 | J23: =VLOOKUP(C23,'XUẤT KHO'!C:Z,23,0) -> 0 | K23: =G23+I23-J23 -> 2 | L23: =F23*K23*6 -> 11.196
A24: 19 | B24: Thanh tăng cứng vách và cửa | C24: C3310 | E24: Xám sần | F24: 1.371 | G24: 2 | H24: =F24*G24*6 -> 16.452 | I24: =VLOOKUP(C24,'NHẬP KHO '!C:U,18,0) -> 0 | J24: =VLOOKUP(C24,'XUẤT KHO'!C:Z,23,0) -> 0 | K24: =G24+I24-J24 -> 2 | L24: =F24*K24*6 -> 16.452
A25: 20 | B25: Cây chuyển góc 135 độ | C25: C910 | E25: Xám sần | F25: 0.962 | H25: =F25*G25*6 -> 0 | I25: =VLOOKUP(C25,'NHẬP KHO '!C:U,18,0) -> 0 | J25: =VLOOKUP(C25,'XUẤT KHO'!C:Z,23,0) -> 0 | K25: =G25+I25-J25 -> 0 | L25: =F25*K25*6 -> 0
A26: 21 | B26: Thanh ghép 2mm | C26: C3300 | E26: Xám sần | F26: 0.364 | G26: 6 | H26: =F26*G26*6 -> 13.104 | I26: =VLOOKUP(C26,'NHẬP KHO '!C:U,18,0) -> 19 | J26: =VLOOKUP(C26,'XUẤT KHO'!C:Z,23,0) -> 1 | K26: =G26+I26-J26 -> 24 | L26: =F26*K26*6 -> 52.416
A27: 22 | B27: Pano | C27: F077 | E27: Xám sần | F27: 0.697 | H27: =F27*G27*6 -> 0 | I27: =VLOOKUP(C27,'NHẬP KHO '!C:U,18,0) -> 0 | J27: =VLOOKUP(C27,'XUẤT KHO'!C:Z,23,0) -> 0 | K27: =G27+I27-J27 -> 0 | L27: =F27*K27*6 -> 0
A28: 23 | B28: Ngưỡng cửa đi | C28: C3319 | E28: Xám sần | F28: 0.723 | H28: =F28*G28*6 -> 0 | I28: =VLOOKUP(C28,'NHẬP KHO '!C:U,18,0) -> 0 | J28: =VLOOKUP(C28,'XUẤT KHO'!C:Z,23,0) -> 0 | K28: =G28+I28-J28 -> 0 | L28: =F28*K28*6 -> 0
A29: 24 | B29: Khung chớp | C29: E1283 | E29: Xám sần | F29: 0.21 | G29: 7 | H29: =F29*G29*6 -> 8.82 | I29: =VLOOKUP(C29,'NHẬP KHO '!C:U,18,0) -> 0 | J29: =VLOOKUP(C29,'XUẤT KHO'!C:Z,23,0) -> 3 | K29: =G29+I29-J29 -> 4 | L29: =F29*K29*6 -> 5.04
A30: 25 | B30: Nan chớp | C30: E192 | E30: Xám sần | F30: 0.34 | G30: 3 | H30: =F30*G30*6 -> 6.12 | I30: =VLOOKUP(C30,'NHẬP KHO '!C:U,18,0) -> 0 | J30: =VLOOKUP(C30,'XUẤT KHO'!C:Z,23,0) -> 0 | K30: =G30+I30-J30 -> 3 | L30: =F30*K30*6 -> 6.12
A31: 26 | B31: Cánh cửa đi mở trong mới | C31: VRA55-02 | E31: Xám sần | F31: 1.515 | G31: 14 | H31: =F31*G31*6 -> 127.26 | I31: =VLOOKUP(C31,'NHẬP KHO '!C:U,18,0) -> 0 | J31: =VLOOKUP(C31,'XUẤT KHO'!C:Z,23,0) -> 0 | K31: =G31+I31-J31 -> 14 | L31: =F31*K31*6 -> 127.26 | N31: 2 cây cũ
A32: 27 | B32: Cánh cửa đi mở ngoài mới | C32: VRA55-03 | E32: Xám sần | F32: 1.515 | G32: 22 | H32: =F32*G32*6 -> 199.98 | I32: =VLOOKUP(C32,'NHẬP KHO '!C:U,18,0) -> 0 | J32: =VLOOKUP(C32,'XUẤT KHO'!C:Z,23,0) -> 4 | K32: =G32+I32-J32 -> 18 | L32: =F32*K32*6 -> 163.62 | N32: 4 cây cũ
A33: 28 | B33: Cánh cửa sổ mới | C33: VRA55-01 | E33: Xám sần | F33: 1.163 | G33: 10 | H33: =F33*G33*6 -> 69.78 | I33: =VLOOKUP(C33,'NHẬP KHO '!C:U,18,0) -> 0 | J33: =VLOOKUP(C33,'XUẤT KHO'!C:Z,23,0) -> 3 | K33: =G33+I33-J33 -> 7 | L33: =F33*K33*6 -> 48.846
A34: 29 | B34: Nẹp kính hộp cho VRA55 cánh cửa sổ mới | C34: VRA55-04 | E34: Xám sần | F34: 0.233 | G34: 40 | H34: =F34*G34*6 -> 55.92 | I34: =VLOOKUP(C34,'NHẬP KHO '!C:U,18,0) -> 0 | J34: =VLOOKUP(C34,'XUẤT KHO'!C:Z,23,0) -> 0 | K34: =G34+I34-J34 -> 40 | L34: =F34*K34*6 -> 55.92
A35: 30 | B35: Ốp chân cánh cửa đi | C35: C22900 | E35: Xám sần | F35: 0.405 | G35: 25 | H35: =F35*G35*6 -> 60.75 | I35: =VLOOKUP(C35,'NHẬP KHO '!C:U,18,0) -> 0 | J35: =VLOOKUP(C35,'XUẤT KHO'!C:Z,23,0) -> 0 | K35: =G35+I35-J35 -> 25 | L35: =F35*K35*6 -> 60.75
A36: 31 | B36: Sập kính hộp | C36: SH6002 | E36: Xám sần | F36: 0.31 | G36: 57 | H36: =F36*G36*6 -> 106.02 | I36: =VLOOKUP(C36,'NHẬP KHO '!C:U,18,0) -> 20 | J36: =VLOOKUP(C36,'XUẤT KHO'!C:Z,23,0) -> 37 | K36: =G36+I36-J36 -> 40 | L36: =F36*K36*6 -> 74.4
A37: 32 | B37: Sập kính hộp | C37: SH6001 | E37: Xám sần | F37: 0.278 | G37: 20 | H37: =F37*G37*6 -> 33.36 | I37: =VLOOKUP(C37,'NHẬP KHO '!C:U,18,0) -> 20 | J37: =VLOOKUP(C37,'XUẤT KHO'!C:Z,23,0) -> 13 | K37: =G37+I37-J37 -> 27 | L37: =F37*K37*6 -> 45.036
A38: II | B38: VRA-Hệ 50 | E38: Xám sần | G38: =SUM(G39:G41) -> 2 | H38: =SUM(H39:H41) -> 11.496 | I38: =SUM(I39:I41) -> 0 | J38: =SUM(J39:J41) -> 0 | K38: =SUM(K39:K41) -> 2 | L38: =SUM(L39:L41) -> 11.496 | N38: =SUM(N39:N41) -> 0 | O38: =SUM(O39:O41) -> 0
A39: 1 | B39: Cánh cửa sổ | C39: VRA50-02 | E39: Xám sần | F39: 0.958 | G39: 2 | H39: =F39*G39*6 -> 11.496 | I39: =VLOOKUP(C39,'NHẬP KHO '!C:U,18,0) -> 0 | J39: =VLOOKUP(C39,'XUẤT KHO'!C:Z,23,0) -> 0 | K39: =G39+I39-J39 -> 2 | L39: =F39*K39*6 -> 11.496
A40: 2 | B40: Cánh cửa đi | C40: VRA50-01 | E40: Xám sần | F40: 1.038 | H40: =F40*G40*6 -> 0 | I40: =VLOOKUP(C40,'NHẬP KHO '!C:U,18,0) -> 0 | J40: =VLOOKUP(C40,'XUẤT KHO'!C:Z,23,0) -> 0 | K40: =G40+I40-J40 -> 0 | L40: =F40*K40*6 -> 0
A41: 3 | B41: Chia ô nhỏ | C41: Q56A | E41: Xám sần | F41: 0.75 | H41: =F41*G41*6 -> 0 | I41: =VLOOKUP(C41,'NHẬP KHO '!C:U,18,0) -> 0 | J41: =VLOOKUP(C41,'XUẤT KHO'!C:Z,23,0) -> 0 | K41: =G41+I41-J41 -> 0 | L41: =F41*K41*6 -> 0
A42: III | B42: VRA-Hệ 64 Cửa sổ lùa | E42: Xám sần | G42: =SUM(G43:G45) -> 28 | H42: =SUM(H43:H45) -> 186.516 | I42: =SUM(I43:I45) -> 0 | J42: =SUM(J43:J45) -> 0 | K42: =SUM(K43:K45) -> 28 | L42: =SUM(L43:L45) -> 186.516 | N42: =SUM(N43:N45) -> 0 | O42: =SUM(O43:O45) -> 0
A43: 1 | B43: Khung cửa lùa | C43: VRA64-01 | E43: Xám sần | F43: 1.041 | G43: 11 | H43: =F43*G43*6 -> 68.706 | I43: =VLOOKUP(C43,'NHẬP KHO '!C:U,18,0) -> 0 | J43: =VLOOKUP(C43,'XUẤT KHO'!C:Z,23,0) -> 0 | K43: =G43+I43-J43 -> 11 | L43: =F43*K43*6 -> 68.706
A44: 2 | B44: Cánh cửa lùa | C44: VRA64-02 | E44: Xám sần | F44: 1.155 | G44: 17 | H44: =F44*G44*6 -> 117.81 | I44: =VLOOKUP(C44,'NHẬP KHO '!C:U,18,0) -> 0 | J44: =VLOOKUP(C44,'XUẤT KHO'!C:Z,23,0) -> 0 | K44: =G44+I44-J44 -> 17 | L44: =F44*K44*6 -> 117.81
A45: 3 | B45: Ốp móc cửa lùa | C45: VRA64-03 | E45: Xám sần | F45: 0.42 | H45: =F45*G45*6 -> 0 | I45: =VLOOKUP(C45,'NHẬP KHO '!C:U,18,0) -> 0 | J45: =VLOOKUP(C45,'XUẤT KHO'!C:Z,23,0) -> 0 | K45: =G45+I45-J45 -> 0 | L45: =F45*K45*6 -> 0
A46: V | B46: VRE -Hệ 65 Mở quay | C46: Mạnh Quy | E46: Xám sần | G46: =SUM(G47:G48) -> 0 | H46: =SUM(H47:H48) -> 0 | I46: =SUM(I47:I48) -> 0 | J46: =J47+J48 -> 0 | K46: =SUM(K47:K48) -> 0 | L46: =SUM(L47:L48) -> 0 | N46: =SUM(N47:N48) -> 0 | O46: =SUM(O47:O48) -> 0
A47: 1 | B47: Che chân | C47: ALUK-EU C6517 | E47: Xám sần | F47: 0.239 | H47: =F47*G47*6 -> 0 | I47: =VLOOKUP(C47,'NHẬP KHO '!C:U,18,0) -> 0 | J47: =VLOOKUP(C47,'XUẤT KHO'!C:Z,23,0) -> 0 | K47: =G47+I47-J47 -> 0 | L47: =F47*K47*6 -> 0
A48: 2 | B48: Chắn nước | C48: ALUK-EU C6518 | E48: Xám sần | F48: 1.079 | H48: =F48*G48*6 -> 0 | I48: =VLOOKUP(C48,'NHẬP KHO '!C:U,18,0) -> 0 | J48: =VLOOKUP(C48,'XUẤT KHO'!C:Z,23,0) -> 0 | K48: =G48+I48-J48 -> 0 | L48: =F48*K48*6 -> 0
A49: VI | B49: VRE -Hệ 65 Mở quay | C49: Yangly | E49: Xám sần | G49: =SUM(G50:G61) -> 102 | H49: =SUM(H50:H61) -> 524.94 | I49: =SUM(I50:I61) -> 243 | J49: =SUM(J50:J61) -> 65 | K49: =SUM(K50:K61) -> 280 | L49: =SUM(L50:L61) -> 1399.962 | N49: =SUM(N50:N61) -> 0 | O49: =SUM(O50:O61) -> 0
A50: 1 | B50: Khung bao cửa đi/cửa sổ | C50: YL6501 | E50: Xám sần | F50: 1.477 | G50: 10 | H50: =F50*G50*6 -> 88.62 | I50: =VLOOKUP(C50,'NHẬP KHO '!C:U,18,0) -> 64 | J50: =VLOOKUP(C50,'XUẤT KHO'!C:Z,23,0) -> 30 | K50: =G50+I50-J50 -> 44 | L50: =F50*K50*6 -> 389.928
A51: 2 | B51: Cánh cđ mở ngoài kép | C51: YL6503 | E51: Xám sần | F51: 1.813 | G51: 7 | H51: =F51*G51*6 -> 76.146 | I51: =VLOOKUP(C51,'NHẬP KHO '!C:U,18,0) -> 16 | J51: =VLOOKUP(C51,'XUẤT KHO'!C:Z,23,0) -> 15 | K51: =G51+I51-J51 -> 8 | L51: =F51*K51*6 -> 87.024 | N51: YL: 1
A52: 3 | B52: Cánh cđ mở trong kép | C52: YL6504 | E52: Xám sần | F52: 1.814 | G52: 4 | H52: =F52*G52*6 -> 43.536 | I52: =VLOOKUP(C52,'NHẬP KHO '!C:U,18,0) -> 0 | J52: =VLOOKUP(C52,'XUẤT KHO'!C:Z,23,0) -> 0 | K52: =G52+I52-J52 -> 4 | L52: =F52*K52*6 -> 43.536
A53: 4 | B53: Cánh cửa sổ kép | C53: YL6505M | E53: Xám sần | F53: 1.402 | G53: 6 | H53: =F53*G53*6 -> 50.472 | I53: =VLOOKUP(C53,'NHẬP KHO '!C:U,18,0) -> 51 | J53: =VLOOKUP(C53,'XUẤT KHO'!C:Z,23,0) -> 14 | K53: =G53+I53-J53 -> 43 | L53: =F53*K53*6 -> 361.716
A54: 5 | B54: I nối | C54: YL6511 | E54: Xám sần | F54: 0.415 | H54: =F54*G54*6 -> 0 | I54: =VLOOKUP(C54,'NHẬP KHO '!C:U,18,0) -> 10 | J54: =VLOOKUP(C54,'XUẤT KHO'!C:Z,23,0) -> 2 | K54: =G54+I54-J54 -> 8 | L54: =F54*K54*6 -> 19.92
A55: 6 | B55: Sập kính đơn 20 - 25 mm | C55: YL6513 | E55: Xám sần | F55: 0.278 | G55: 37 | H55: =F55*G55*6 -> 61.716 | I55: =VLOOKUP(C55,'NHẬP KHO '!C:U,18,0) -> 84 | J55: =VLOOKUP(C55,'XUẤT KHO'!C:Z,23,0) -> 0 | K55: =G55+I55-J55 -> 121 | L55: =F55*K55*6 -> 201.828
A56: 7 | B56: Sập kính đơn 5 - 10 mm | C56: YL6514 | E56: Xám sần | F56: 0.334 | G56: 5 | H56: =F56*G56*6 -> 10.02 | I56: =VLOOKUP(C56,'NHẬP KHO '!C:U,18,0) -> 0 | J56: =VLOOKUP(C56,'XUẤT KHO'!C:Z,23,0) -> 0 | K56: =G56+I56-J56 -> 5 | L56: =F56*K56*6 -> 10.02
A57: 8 | B57: Đảo khung | C57: YL6505M | E57: Xám sần | F57: 0.917 | G57: 9 | H57: =F57*G57*6 -> 49.518 | I57: =VLOOKUP(C57,'NHẬP KHO '!C:U,18,0) -> 0 | J57: =VLOOKUP(C57,'XUẤT KHO'!C:Z,23,0) -> 0 | K57: =G57+I57-J57 -> 9 | L57: =F57*K57*6 -> 49.518
A58: 9 | B58: Đố động dùng chung | C58: YL6507 | E58: Xám sần | F58: 1.09 | G58: 5 | H58: =F58*G58*6 -> 32.7 | I58: =VLOOKUP(C58,'NHẬP KHO '!C:U,18,0) -> 18 | J58: =VLOOKUP(C58,'XUẤT KHO'!C:Z,23,0) -> 4 | K58: =G58+I58-J58 -> 19 | L58: =F58*K58*6 -> 124.26
A59: 10 | B59: Đố T chia fix | C59: YL6506 | E59: Xám sần | F59: 1.269 | G59: 10 | H59: =F59*G59*6 -> 76.14 | I59: =VLOOKUP(C59,'NHẬP KHO '!C:U,18,0) -> 0 | J59: =VLOOKUP(C59,'XUẤT KHO'!C:Z,23,0) -> 0 | K59: =G59+I59-J59 -> 10 | L59: =F59*K59*6 -> 76.14
A60: 11 | B60: Chuyển góc | C60: YL6510 | E60: Xám sần | F60: 0.952 | H60: =F60*G60*6 -> 0 | I60: =VLOOKUP(C60,'NHẬP KHO '!C:U,18,0) -> 0 | J60: =VLOOKUP(C60,'XUẤT KHO'!C:Z,23,0) -> 0 | K60: =G60+I60-J60 -> 0 | L60: =F60*K60*6 -> 0
A61: 12 | B61: Ốp chân cánh cửa đi | C61: YL6509 | E61: Xám sần | F61: 0.668 | G61: 9 | H61: =F61*G61*6 -> 36.072 | I61: =VLOOKUP(C61,'NHẬP KHO '!C:U,18,0) -> 0 | J61: =VLOOKUP(C61,'XUẤT KHO'!C:Z,23,0) -> 0 | K61: =G61+I61-J61 -> 9 | L61: =F61*K61*6 -> 36.072
A62: VII | B62: VRE- Hệ Xếp trượt 80 | E62: Xám sần | G62: =SUM(G63:G70) -> 0 | H62: =SUM(H63:H70) -> 0 | I62: =SUM(I63:I70) -> 0 | J62: =SUM(J63:J70) -> 0 | K62: =SUM(K63:K70) -> 0 | L62: =SUM(L63:L70) -> 0 | N62: =SUM(N63:N70) -> 0 | O62: =SUM(O63:O70) -> 0
A63: 1 | B63: Khung bao hệ xếp trượt | C63: FD-YL01 | E63: Xám sần | F63: 2.125 | H63: =F63*G63*6 -> 0 | I63: =VLOOKUP(C63,'NHẬP KHO '!C:U,18,0) -> 0 | J63: =VLOOKUP(C63,'XUẤT KHO'!C:Z,23,0) -> 0 | K63: =G63+I63-J63 -> 0 | L63: =F63*K63*6 -> 0
A64: 2 | B64: Cánh hệ xếp trượt | C64: FD-YL02 | E64: Xám sần | F64: 2.074 | H64: =F64*G64*6 -> 0 | I64: =VLOOKUP(C64,'NHẬP KHO '!C:U,18,0) -> 0 | J64: =VLOOKUP(C64,'XUẤT KHO'!C:Z,23,0) -> 0 | K64: =G64+I64-J64 -> 0 | L64: =F64*K64*6 -> 0
A65: 3 | B65: Hèm khóa hệ xếp trượt | C65: FD-YL03 | E65: Xám sần | F65: 0.896 | H65: =F65*G65*6 -> 0 | I65: =VLOOKUP(C65,'NHẬP KHO '!C:U,18,0) -> 0 | J65: =VLOOKUP(C65,'XUẤT KHO'!C:Z,23,0) -> 0 | K65: =G65+I65-J65 -> 0 | L65: =F65*K65*6 -> 0
A66: 4 | B66: Máng ray dưới hệ xếp trượt | C66: FD-YL04 | E66: Xám sần | F66: 1.15 | H66: =F66*G66*6 -> 0 | I66: =VLOOKUP(C66,'NHẬP KHO '!C:U,18,0) -> 0 | J66: =VLOOKUP(C66,'XUẤT KHO'!C:Z,23,0) -> 0 | K66: =G66+I66-J66 -> 0 | L66: =F66*K66*6 -> 0
A67: 5 | B67: Nẹp chặn cánh | C67: FD-YL05 | E67: Xám sần | F67: 0.372 | H67: =F67*G67*6 -> 0 | I67: =VLOOKUP(C67,'NHẬP KHO '!C:U,18,0) -> 0 | J67: =VLOOKUP(C67,'XUẤT KHO'!C:Z,23,0) -> 0 | K67: =G67+I67-J67 -> 0 | L67: =F67*K67*6 -> 0
A68: 6 | B68: Ốp đáy cánh | C68: FD-YL06 | E68: Xám sần | F68: 0.3 | H68: =F68*G68*6 -> 0 | I68: =VLOOKUP(C68,'NHẬP KHO '!C:U,18,0) -> 0 | J68: =VLOOKUP(C68,'XUẤT KHO'!C:Z,23,0) -> 0 | K68: =G68+I68-J68 -> 0 | L68: =F68*K68*6 -> 0
A69: 7 | B69: Ốp khung bao | C69: FD-YL07 | E69: Xám sần | F69: 0.192 | H69: =F69*G69*6 -> 0 | I69: =VLOOKUP(C69,'NHẬP KHO '!C:U,18,0) -> 0 | J69: =VLOOKUP(C69,'XUẤT KHO'!C:Z,23,0) -> 0 | K69: =G69+I69-J69 -> 0 | L69: =F69*K69*6 -> 0
A70: 8 | B70: Ốp cánh chẵn | C70: FD-YL08 | E70: Xám sần | F70: 1.46 | H70: =F70*G70*6 -> 0 | I70: =VLOOKUP(C70,'NHẬP KHO '!C:U,18,0) -> 0 | J70: =VLOOKUP(C70,'XUẤT KHO'!C:Z,23,0) -> 0 | K70: =G70+I70-J70 -> 0 | L70: =F70*K70*6 -> 0
A71: VII | B71: VRE- Hệ Lùa 120 & 180 | E71: Xám sần | G71: =SUM(G72:G95) -> 97 | H71: =SUM(H72:H95) -> 676.296 | I71: =SUM(I72:I95) -> 48 | J71: =SUM(J72:J95) -> 40 | K71: =SUM(K72:K95) -> 105 | L71: =SUM(L72:L95) -> 702.216 | N71: =SUM(N72:N95) -> 0 | O71: =SUM(O72:O95) -> 0
A72: 1 | B72: Khung bao đứng | C72: YL12001 | E72: Xám sần | F72: 2 | G72: 3 | H72: =F72*G72*6 -> 36 | I72: =VLOOKUP(C72,'NHẬP KHO '!C:U,18,0) -> 12 | J72: =VLOOKUP(C72,'XUẤT KHO'!C:Z,23,0) -> 11 | K72: =G72+I72-J72 -> 4 | L72: =F72*K72*6 -> 48
A73: 2 | B73: Ray dưới cửa đi lùa | C73: YL12002 | E73: Xám sần | F73: 1.51 | H73: =F73*G73*6 -> 0 | I73: =VLOOKUP(C73,'NHẬP KHO '!C:U,18,0) -> 0 | J73: =VLOOKUP(C73,'XUẤT KHO'!C:Z,23,0) -> 0 | K73: =G73+I73-J73 -> 0 | L73: =F73*K73*6 -> 0
A74: 3 | B74: Dẫn hướng trên | C74: YL12003 | E74: Xám sần | F74: 0.86 | G74: 10 | H74: =F74*G74*6 -> 51.6 | I74: =VLOOKUP(C74,'NHẬP KHO '!C:U,18,0) -> 4 | J74: =VLOOKUP(C74,'XUẤT KHO'!C:Z,23,0) -> 3 | K74: =G74+I74-J74 -> 11 | L74: =F74*K74*6 -> 56.76
A75: 4 | B75: Ốp khung bao đứng ngoài | C75: YL12004 | E75: Xám sần | F75: 1.36 | G75: 8 | H75: =F75*G75*6 -> 65.28 | I75: =VLOOKUP(C75,'NHẬP KHO '!C:U,18,0) -> 4 | J75: =VLOOKUP(C75,'XUẤT KHO'!C:Z,23,0) -> 3 | K75: =G75+I75-J75 -> 9 | L75: =F75*K75*6 -> 73.44
A76: 5 | B76: Ốp khung bao đứng trong | C76: YL12005 | E76: Xám sần | F76: 1.3 | G76: 9 | H76: =F76*G76*6 -> 70.2 | I76: =VLOOKUP(C76,'NHẬP KHO '!C:U,18,0) -> 4 | J76: =VLOOKUP(C76,'XUẤT KHO'!C:Z,23,0) -> 3 | K76: =G76+I76-J76 -> 10 | L76: =F76*K76*6 -> 78
A77: 6 | B77: Cánh lùa | C77: YL12006 | E77: Xám sần | F77: 2.02 | G77: 17 | H77: =F77*G77*6 -> 206.04 | I77: =VLOOKUP(C77,'NHẬP KHO '!C:U,18,0) -> 12 | J77: =VLOOKUP(C77,'XUẤT KHO'!C:Z,23,0) -> 13 | K77: =G77+I77-J77 -> 16 | L77: =F77*K77*6 -> 193.92
A78: 7 | B78: Ốp móc | C78: YL12007 | E78: Xám sần | F78: 0.47 | G78: 19 | H78: =F78*G78*6 -> 53.58 | I78: =VLOOKUP(C78,'NHẬP KHO '!C:U,18,0) -> 12 | J78: =VLOOKUP(C78,'XUẤT KHO'!C:Z,23,0) -> 5 | K78: =G78+I78-J78 -> 26 | L78: =F78*K78*6 -> 73.32
A79: 8 | B79: Đối đầu ( Hèm cửa ) | C79: YL12008 | E79: Xám sần | F79: 0.476 | G79: 6 | H79: =F79*G79*6 -> 17.136 | I79: =VLOOKUP(C79,'NHẬP KHO '!C:U,18,0) -> 0 | J79: =VLOOKUP(C79,'XUẤT KHO'!C:Z,23,0) -> 0 | K79: =G79+I79-J79 -> 6 | L79: =F79*K79*6 -> 17.136
A80: 9 | B80: Khung bao vách | C80: YL12009 | E80: Xám sần | F80: 1.48 | G80: 4 | H80: =F80*G80*6 -> 35.52 | I80: =VLOOKUP(C80,'NHẬP KHO '!C:U,18,0) -> 0 | J80: =VLOOKUP(C80,'XUẤT KHO'!C:Z,23,0) -> 1 | K80: =G80+I80-J80 -> 3 | L80: =F80*K80*6 -> 26.64
A81: 10 | B81: Đố T chia vách | C81: YL12010 | E81: Xám sần | F81: 0.99 | G81: 4 | H81: =F81*G81*6 -> 23.76 | I81: =VLOOKUP(C81,'NHẬP KHO '!C:U,18,0) -> 0 | J81: =VLOOKUP(C81,'XUẤT KHO'!C:Z,23,0) -> 1 | K81: =G81+I81-J81 -> 3 | L81: =F81*K81*6 -> 17.82
A82: 11 | B82: Sập kính thường kính 16 mm | C82: SH002 | E82: Xám sần | F82: 0.31 | H82: =F82*G82*6 -> 0 | I82: =VLOOKUP(C82,'NHẬP KHO '!C:U,18,0) -> 0 | J82: =VLOOKUP(C82,'XUẤT KHO'!C:Z,23,0) -> 0 | K82: =G82+I82-J82 -> 0 | L82: =F82*K82*6 -> 0
A83: 12 | B83: Sập kính hộp kính 25 mm | C83: SH001 | E83: Xám sần | F83: 0.278 | H83: =F83*G83*6 -> 0 | I83: =VLOOKUP(C83,'NHẬP KHO '!C:U,18,0) -> 0 | J83: =VLOOKUP(C83,'XUẤT KHO'!C:Z,23,0) -> 0 | K83: =G83+I83-J83 -> 0 | L83: =F83*K83*6 -> 0
A84: 13 | B84: Sập kính đơn 12 mm | C84: SD6003 | E84: Xám sần | F84: 0.337 | H84: =F84*G84*6 -> 0 | I84: =VLOOKUP(C84,'NHẬP KHO '!C:U,18,0) -> 0 | J84: =VLOOKUP(C84,'XUẤT KHO'!C:Z,23,0) -> 0 | K84: =G84+I84-J84 -> 0 | L84: =F84*K84*6 -> 0
A85: 14 | B85: Khung bao đứng 3 ray | C85: YL18001 | E85: Xám sần | F85: 2.85 | G85: 4 | H85: =F85*G85*6 -> 68.4 | I85: =VLOOKUP(C85,'NHẬP KHO '!C:U,18,0) -> 0 | J85: =VLOOKUP(C85,'XUẤT KHO'!C:Z,23,0) -> 0 | K85: =G85+I85-J85 -> 4 | L85: =F85*K85*6 -> 68.4
A86: 15 | B86: Khung ngang dưới 3 ray | C86: YL18006 | E86: Xám sần | F86: 2.21 | H86: =F86*G86*6 -> 0 | I86: =VLOOKUP(C86,'NHẬP KHO '!C:U,18,0) -> 0 | J86: =VLOOKUP(C86,'XUẤT KHO'!C:Z,23,0) -> 0 | K86: =G86+I86-J86 -> 0 | L86: =F86*K86*6 -> 0
A87: 16 | B87: Nối dẫn hướng trên 3 ray | C87: YL18004 | E87: Xám sần | F87: 0.62 | G87: 2 | H87: =F87*G87*6 -> 7.44 | I87: =VLOOKUP(C87,'NHẬP KHO '!C:U,18,0) -> 0 | J87: =VLOOKUP(C87,'XUẤT KHO'!C:Z,23,0) -> 0 | K87: =G87+I87-J87 -> 2 | L87: =F87*K87*6 -> 7.44
A88: 17 | B88: Nối ốp khung bao đứng trong | C88: YL18002 | E88: Xám sần | F88: 0.65 | H88: =F88*G88*6 -> 0 | I88: =VLOOKUP(C88,'NHẬP KHO '!C:U,18,0) -> 0 | J88: =VLOOKUP(C88,'XUẤT KHO'!C:Z,23,0) -> 0 | K88: =G88+I88-J88 -> 0 | L88: =F88*K88*6 -> 0
A89: 18 | B89: Nối ốp khung bao đứng ngoài | C89: YL18007 | E89: Xám sần | F89: 0.63 | G89: 7 | H89: =F89*G89*6 -> 26.46 | I89: =VLOOKUP(C89,'NHẬP KHO '!C:U,18,0) -> 0 | J89: =VLOOKUP(C89,'XUẤT KHO'!C:Z,23,0) -> 0 | K89: =G89+I89-J89 -> 7 | L89: =F89*K89*6 -> 26.46
A90: 19 | B90: Nối khung bao vách | C90: YL18005 | E90: Xám sần | F90: 0.63 | H90: =F90*G90*6 -> 0 | I90: =VLOOKUP(C90,'NHẬP KHO '!C:U,18,0) -> 0 | J90: =VLOOKUP(C90,'XUẤT KHO'!C:Z,23,0) -> 0 | K90: =G90+I90-J90 -> 0 | L90: =F90*K90*6 -> 0
A91: 20 | B91: Nối ốp khung bao đứng trong | C91: YL18003 | E91: Xám sần | F91: 0.62 | G91: 4 | H91: =F91*G91*6 -> 14.88 | I91: =VLOOKUP(C91,'NHẬP KHO '!C:U,18,0) -> 0 | J91: =VLOOKUP(C91,'XUẤT KHO'!C:Z,23,0) -> 0 | K91: =G91+I91-J91 -> 4 | L91: =F91*K91*6 -> 14.88 | N91: CŨ: 2
A92: 22 | B92: Ốp móc cánh đôi | C92: YL18008 | E92: Xám sần | F92: 0.77 | H92: =F92*G92*6 -> 0 | I92: =VLOOKUP(C92,'NHẬP KHO '!C:U,18,0) -> 0 | J92: =VLOOKUP(C92,'XUẤT KHO'!C:Z,23,0) -> 0 | K92: =G92+I92-J92 -> 0 | L92: =F92*K92*6 -> 0
A93: 23 | B93: Nắp ốp móc cửa lùa | C93: TQ-011 | E93: Xám sần | F93: 0.1 | H93: =F93*G93*6 -> 0 | I93: =VLOOKUP(C93,'NHẬP KHO '!C:U,18,0) -> 0 | J93: =VLOOKUP(C93,'XUẤT KHO'!C:Z,23,0) -> 0 | K93: =G93+I93-J93 -> 0 | L93: =F93*K93*6 -> 0
A94: 24 | B94: Ray inox cửa lùa | C94: 14x5 | H94: =F94*G94*6 -> 0 | I94: =VLOOKUP(C94,'NHẬP KHO '!C:U,18,0) -> 0 | J94: =VLOOKUP(C94,'XUẤT KHO'!C:Z,23,0) -> 0 | K94: =G94+I94-J94 -> 0 | L94: =F94*K94*6 -> 0
A95: 25 | B95: Ray inox cửa lùa | C95: 10.8x5 | H95: =F95*G95*6 -> 0 | I95: =VLOOKUP(C95,'NHẬP KHO '!C:U,18,0) -> 0 | J95: =VLOOKUP(C95,'XUẤT KHO'!C:Z,23,0) -> 0 | K95: =G95+I95-J95 -> 0 | L95: =F95*K95*6 -> 0
A96: IX | B96: HỆ LÙA 94 MỚI | E96: Xám sần | G96: =SUM(G97:G110) -> 129 | H96: =SUM(H97:H110) -> 788.556 | I96: =SUM(I97:I110) -> 22 | J96: =SUM(J97:J110) -> 36 | K96: =SUM(K97:K110) -> 115 | L96: =SUM(L97:L110) -> 711.126 | N96: =SUM(N97:N110) -> 0 | O96: =SUM(O97:O110) -> 0
A97: 1 | B97: Khung cửa 94 | C97: VRE94-01 | E97: Xám sần | F97: 1.425 | G97: 11 | H97: =F97*G97*6 -> 94.05 | I97: =VLOOKUP(C97,'NHẬP KHO '!C:U,18,0) -> 0 | J97: =VLOOKUP(C97,'XUẤT KHO'!C:Z,23,0) -> 5 | K97: =G97+I97-J97 -> 6 | L97: =F97*K97*6 -> 51.3
A98: 2 | B98: Khung bao 3 ray 94 cao | C98: VRE94-01C | E98: Xám sần | F98: 2.15 | G98: 4 | H98: =F98*G98*6 -> 51.6 | I98: =VLOOKUP(C98,'NHẬP KHO '!C:U,18,0) -> 0 | J98: =VLOOKUP(C98,'XUẤT KHO'!C:Z,23,0) -> 0 | K98: =G98+I98-J98 -> 4 | L98: =F98*K98*6 -> 51.6
A99: 3 | B99: Khung bao 3 ray 94 thap | C99: VRE94-01T | E99: Xám sần | F99: 1.525 | G99: 7 | H99: =F99*G99*6 -> 64.05 | I99: =VLOOKUP(C99,'NHẬP KHO '!C:U,18,0) -> 0 | J99: =VLOOKUP(C99,'XUẤT KHO'!C:Z,23,0) -> 0 | K99: =G99+I99-J99 -> 7 | L99: =F99*K99*6 -> 64.05
A100: 4 | B100: Cánh cửa 94 | C100: VRE94-02 | E100: Xám sần | F100: 1.235 | G100: 15 | H100: =F100*G100*6 -> 111.15 | I100: =VLOOKUP(C100,'NHẬP KHO '!C:U,18,0) -> 12 | J100: =VLOOKUP(C100,'XUẤT KHO'!C:Z,23,0) -> 13 | K100: =G100+I100-J100 -> 14 | L100: =F100*K100*6 -> 103.74
...

Sheet XUẤT KHO
A2: STT | B2: TÊN GỌI | C2: MÃ CÂY | D2: MẶT CẮT | E2: MÀU SẮC | F2: TỶ TRỌNG THÔ | G2: MD | H2: 20/11 | I2: 19/11 | J2: 27/11 | Y2: TỔNG XUẤT (cây) | Z2: TỔNG XUẤT THEO KG
A3: Nhà CC | F3: A | H3: ĐL Dũng Lâm | I3: Chú Thiện - Nam Định | J3: Xuất nhôm Anh Long - Phú Thọ | K3: Mái Thuận Hường BỔ SUNG | L3: Anh Vũ - Mỹ Đình( dự bị xuất) | Y3: B | Z3: C=A*B*6m
A4: TỔNG CÂY | H4: =SUM(H5:H127) -> 2 | I4: =SUM(I5:I127) -> 165 | J4: =SUM(J5:J127) -> 53 | K4: =SUM(K5:K127) -> 10 | L4: =SUM(L5:L127) -> 0 | M4: =SUM(M5:M127) -> 0 | N4: =SUM(N5:N127) -> 0 | O4: =SUM(O5:O127) -> 0 | ... X4: =SUM(X5:X127) -> 0 | Y4: =Y122+Y111+Y96+Y71+Y62+Y49+Y46+Y42+Y38+Y5 -> 230
A5: I | B5: VRA-Hệ 55 Mở quay | E5: Xám sần | Y5: =SUM(Y6:Y37) -> 85 | Z5: =SUM(Z6:Z37) -> 254.73
A6: 1 | B6: Khung vách | C6: C3209 | E6: Xám sần | F6: 0.842 | G6: 6 | J6: 6 | Y6: =SUM(H6:X6) -> 6 | Z6: =F6*Y6*6 -> 30.312
A7: 2 | B7: Khung bao cửa sổ mở quay | C7: C3318 | E7: Xám sần | F7: 0.887 | G7: 6 | J7: 3 | Y7: =SUM(H7:X7) -> 3 | Z7: =F7*Y7*6 -> 15.966
A8: 3 | B8: Cây đảo khuôn bao | C8: C3208 | E8: Xám sần | F8: 0.798 | G8: 6 | Y8: =SUM(H8:X8) -> 0 | Z8: =F8*Y8*6 -> 0
A9: 4 | B9: Cánh cửa sổ mở ngoài | C9: C3202P | E9: Xám sần | F9: 1.127 | G9: 6 | Y9: =SUM(H9:X9) -> 0 | Z9: =F9*Y9*6 -> 0
A10: 5 | B10: Đố tĩnh chia Khung cửa sổ | C10: C3313 | E10: Xám sần | F10: 1.056 | G10: 6 | Y10: =SUM(H10:X10) -> 0 | Z10: =F10*Y10*6 -> 0
A11: 6 | B11: Đố tĩnh chia cánh | C11: C3203 | E11: Xám sần | F11: 1.001 | G11: 6 | I11: 1 | Y11: =SUM(H11:X11) -> 1 | Z11: =F11*Y11*6 -> 6.006
A12: 7 | B12: Khung bao cửa đi | C12: C3328 | E12: Xám sần | F12: 1.286 | G12: 6 | J12: 4 | Y12: =SUM(H12:X12) -> 4 | Z12: =F12*Y12*6 -> 30.864
A13: 8 | B13: Cánh cửa đi mở ngoài | C13: C3303P | E13: Xám sần | F13: 1.496 | G13: 6 | Y13: =SUM(H13:X13) -> 0 | Z13: =F13*Y13*6 -> 0
A14: 9 | B14: Cánh cửa đi mở trong | C14: C3332P | E14: Xám sần | F14: 1.496 | G14: 6 | Y14: =SUM(H14:X14) -> 0 | Z14: =F14*Y14*6 -> 0
A15: 10 | B15: Đố ngang dưới cánh cửa đi | C15: C3304P | E15: Xám sần | F15: 2.107 | G15: 6 | Y15: =SUM(H15:X15) -> 0 | Z15: =F15*Y15*6 -> 0
A16: 11 | B16: Đố động cửa đi | C16: C3323 | E16: Xám sần | F16: 0.828 | G16: 6 | J16: 1 | Y16: =SUM(H16:X16) -> 1 | Z16: =F16*Y16*6 -> 4.968
A17: 12 | B17: Ốp chân cánh cửa đi | C17: C3329 | E17: Xám sần | F17: 0.448 | G17: 6 | Y17: =SUM(H17:X17) -> 0 | Z17: =F17*Y17*6 -> 0
A18: 13 | B18: Nẹp kính đơn >12mm | C18: C3295 | E18: Xám sần | F18: 0.238 | G18: 6 | J18: 8 | Y18: =SUM(H18:X18) -> 8 | Z18: =F18*Y18*6 -> 11.424
A19: 14 | B19: Nẹp kính khung bao | C19: C3296 | E19: Xám sần | F19: 0.246 | G19: 6 | Y19: =SUM(H19:X19) -> 0 | Z19: =F19*Y19*6 -> 0
A20: 15 | B20: Nẹp kính hộp >22mm | C20: C3236 | E20: Xám sần | F20: 0.238 | G20: 6 | I20: 1 | Y20: =SUM(H20:X20) -> 1 | Z20: =F20*Y20*6 -> 1.428
A21: 16 | B21: Nẹp kính hộp >25mm | C21: C3286 | E21: Xám sần | F21: 0.238 | G21: 6 | Y21: =SUM(H21:X21) -> 0 | Z21: =F21*Y21*6 -> 0
A22: 17 | B22: Sập kính hộp cho khung > 21mm | C22: C3225 | E22: Xám sần | F22: 0.233 | G22: 6 | Y22: =SUM(H22:X22) -> 0 | Z22: =F22*Y22*6 -> 0
A23: 18 | B23: Thanh chuyển góc 90 độ | C23: C3326 | E23: Xám sần | F23: 0.933 | G23: 6 | Y23: =SUM(H23:X23) -> 0 | Z23: =F23*Y23*6 -> 0
A24: 19 | B24: Thanh tăng cứng vách và cửa | C24: C3310 | E24: Xám sần | F24: 1.371 | G24: 6 | Y24: =SUM(H24:X24) -> 0 | Z24: =F24*Y24*6 -> 0
A25: 20 | B25: Cây chuyển góc 135 độ | C25: C910 | E25: Xám sần | F25: 0.962 | G25: 6 | Y25: =SUM(H25:X25) -> 0 | Z25: =F25*Y25*6 -> 0
A26: 21 | B26: Thanh ghép 2mm | C26: C3300 | E26: Xám sần | F26: 0.364 | G26: 6 | J26: 1 | Y26: =SUM(H26:X26) -> 1 | Z26: =F26*Y26*6 -> 2.184
A27: 22 | B27: Pano | C27: F077 | E27: Xám sần | F27: 0.697 | G27: 6 | Y27: =SUM(H27:X27) -> 0 | Z27: =F27*Y27*6 -> 0
A28: 23 | B28: Ngưỡng cửa đi | C28: C3319 | E28: Xám sần | F28: 0.723 | G28: 6 | Y28: =SUM(H28:X28) -> 0 | Z28: =F28*Y28*6 -> 0
A29: 24 | B29: Khung chớp | C29: E1283 | E29: Xám sần | F29: 0.21 | G29: 6 | K29: 3 | Y29: =SUM(H29:X29) -> 3 | Z29: =F29*Y29*6 -> 3.78
A30: 25 | B30: Nan chớp | C30: E192 | E30: Xám sần | F30: 0.34 | G30: 6 | Y30: =SUM(H30:X30) -> 0 | Z30: =F30*Y30*6 -> 0
A31: 26 | B31: Cánh cửa đi mở trong mới | C31: VRA55-02 | E31: Xám sần | F31: 1.515 | G31: 6 | Y31: =SUM(H31:X31) -> 0 | Z31: =F31*Y31*6 -> 0
A32: 27 | B32: Cánh cửa đi mở ngoài mới | C32: VRA55-03 | E32: Xám sần | F32: 1.515 | G32: 6 | J32: 4 | Y32: =SUM(H32:X32) -> 4 | Z32: =F32*Y32*6 -> 36.36
A33: 28 | B33: Cánh cửa sổ mới | C33: VRA55-01 | E33: Xám sần | F33: 1.163 | G33: 6 | J33: 3 | Y33: =SUM(H33:X33) -> 3 | Z33: =F33*Y33*6 -> 20.934
A34: 29 | B34: Nẹp kính hộp cho VRA55 cánh cửa sổ mới | C34: VRA55-04 | E34: Xám sần | F34: 0.233 | G34: 6 | Y34: =SUM(H34:X34) -> 0 | Z34: =F34*Y34*6 -> 0
B35: Ốp chân cánh cửa đi | C35: C22900 | E35: Xám sần | F35: 0.405 | G35: 6 | Y35: =SUM(H35:X35) -> 0 | Z35: =F35*Y35*6 -> 0
A36: 30 | B36: Sập kính hộp | C36: SH6002 | E36: Xám sần | F36: 0.31 | G36: 6 | H36: 1 | I36: 29 | J36: 7 | Y36: =SUM(H36:X36) -> 37 | Z36: =F36*Y36*6 -> 68.82
A37: 31 | B37: Sập kính hộp | C37: SH6001 | E37: Xám sần | F37: 0.278 | G37: 6 | I37: 13 | Y37: =SUM(H37:X37) -> 13 | Z37: =F37*Y37*6 -> 21.684
A38: II | B38: VRA-Hệ 50 | E38: Xám sần | Y38: =Y39+Y40+Y41 -> 0 | Z38: =Z39+Z40+Z41 -> 0
A39: 1 | B39: Cánh cửa sổ | C39: VRA50-02 | E39: Xám sần | F39: 0.958 | G39: 6 | Y39: =SUM(H39:X39) -> 0 | Z39: =F39*Y39*6 -> 0
A40: 2 | B40: Cánh cửa đi | C40: VRA50-01 | E40: Xám sần | F40: 1.038 | G40: 6 | Y40: =SUM(H40:X40) -> 0 | Z40: =F40*Y40*6 -> 0
A41: 3 | B41: Chia ô nhỏ | C41: Q56A | E41: Xám sần | F41: 0.75 | G41: 6 | Y41: =SUM(H41:X41) -> 0 | Z41: =F41*Y41*6 -> 0
A42: III | B42: VRA-Hệ 64 Cửa sổ lùa | E42: Xám sần | Y42: =Y43+Y44+Y45 -> 0 | Z42: =Z43+Z44+Z45 -> 0
A43: 1 | B43: Khung cửa lùa | C43: VRA64-01 | E43: Xám sần | F43: 1.041 | G43: 6 | Y43: =SUM(H43:X43) -> 0 | Z43: =F43*Y43*6 -> 0
A44: 2 | B44: Cánh cửa lùa | C44: VRA64-02 | E44: Xám sần | F44: 1.155 | G44: 6 | Y44: =SUM(H44:X44) -> 0 | Z44: =F44*Y44*6 -> 0
A45: 3 | B45: Ốp móc cửa lùa | C45: VRA64-03 | E45: Xám sần | F45: 0.42 | G45: 6 | Y45: =SUM(H45:X45) -> 0 | Z45: =F45*Y45*6 -> 0
A46: V | B46: VRE -Hệ 65 Mở quay | C46: Mạnh Quy | E46: Xám sần | Y46: =Y47+Y48 -> 0 | Z46: =Z47+Z48 -> 0
A47: 10 | B47: Che chân | C47: ALUK-EU C6517 | E47: Xám sần | F47: 0.239 | G47: 6 | I47: 0 | Y47: =SUM(H47:X47) -> 0 | Z47: =F47*Y47*6 -> 0
A48: 11 | B48: Chắn nước | C48: ALUK-EU C6518 | E48: Xám sần | F48: 1.079 | G48: 6 | I48: 0 | Y48: =SUM(H48:X48) -> 0 | Z48: =F48*Y48*6 -> 0
A49: VI | B49: VRE -Hệ 65 Mở quay | C49: Yangly | E49: Xám sần | Y49: =SUM(Y50:Y61) -> 65 | Z49: =SUM(Z50:Z61) -> 577.938
A50: 1 | B50: Khung bao cửa đi/cửa sổ | C50: YL6501 | E50: Xám sần | F50: 1.477 | G50: 6 | I50: 30 | Y50: =SUM(H50:X50) -> 30 | Z50: =F50*Y50*6 -> 265.86
A51: 2 | B51: Cánh cđ mở ngoài kép | C51: YL6503 | E51: Xám sần | F51: 1.813 | G51: 6 | I51: 15 | Y51: =SUM(H51:X51) -> 15 | Z51: =F51*Y51*6 -> 163.17
A52: 3 | B52: Cánh cđ mở trong kép | C52: YL6504 | E52: Xám sần | F52: 1.814 | G52: 6 | Y52: =SUM(H52:X52) -> 0 | Z52: =F52*Y52*6 -> 0
A53: 4 | B53: Cánh cửa sổ kép | C53: YL6505M | E53: Xám sần | F53: 1.402 | G53: 6 | I53: 14 | Y53: =SUM(H53:X53) -> 14 | Z53: =F53*Y53*6 -> 117.768
A54: 5 | B54: I nối | C54: YL6511 | E54: Xám sần | F54: 0.415 | G54: 6 | I54: 2 | Y54: =SUM(H54:X54) -> 2 | Z54: =F54*Y54*6 -> 4.98
A55: 6 | B55: Sập kính đơn 20 - 25 mm | C55: YL6513 | E55: Xám sần | F55: 0.278 | G55: 6 | Y55: =SUM(H55:X55) -> 0 | Z55: =F55*Y55*6 -> 0
A56: 7 | B56: Sập kính đơn 5 - 10 mm | C56: YL6514 | E56: Xám sần | F56: 0.334 | G56: 6 | Y56: =SUM(H56:X56) -> 0 | Z56: =F56*Y56*6 -> 0
A57: 8 | B57: Đảo khung | C57: YL6505M | E57: Xám sần | F57: 0.917 | G57: 6 | Y57: =SUM(H57:X57) -> 0 | Z57: =F57*Y57*6 -> 0
A58: 9 | B58: Đố động dùng chung | C58: YL6507 | E58: Xám sần | F58: 1.09 | G58: 6 | I58: 4 | Y58: =SUM(H58:X58) -> 4 | Z58: =F58*Y58*6 -> 26.16
A59: 10 | B59: Đố T chia fix | C59: YL6506 | E59: Xám sần | F59: 1.269 | G59: 6 | Y59: =SUM(H59:X59) -> 0 | Z59: =F59*Y59*6 -> 0
A60: 11 | B60: Chuyển góc | C60: YL6510 | E60: Xám sần | F60: 0.952 | G60: 6 | Y60: =SUM(H60:X60) -> 0 | Z60: =F60*Y60*6 -> 0
A61: 11 | B61: Ốp chân cánh cửa đi | C61: YL6509 | E61: Xám sần | F61: 0.668 | G61: 6 | Y61: =SUM(H61:X61) -> 0 | Z61: =F61*Y61*6 -> 0
A62: VII | B62: VRE- Hệ Xếp trượt 80 | E62: Xám sần | Y62: =SUM(Y63:Y70) -> 0 | Z62: =SUM(Z63:Z70) -> 0
A63: 1 | B63: Khung bao hệ xếp trượt | C63: FD-YL01 | E63: Xám sần | F63: 2.125 | G63: 6 | Y63: =SUM(H63:X63) -> 0 | Z63: =F63*Y63*6 -> 0
A64: 2 | B64: Cánh hệ xếp trượt | C64: FD-YL02 | E64: Xám sần | F64: 2.074 | G64: 6 | Y64: =SUM(H64:X64) -> 0 | Z64: =F64*Y64*6 -> 0
A65: 3 | B65: Hèm khóa hệ xếp trượt | C65: FD-YL03 | E65: Xám sần | F65: 0.896 | G65: 6 | Y65: =SUM(H65:X65) -> 0 | Z65: =F65*Y65*6 -> 0
A66: 4 | B66: Máng ray dưới hệ xếp trượt | C66: FD-YL04 | E66: Xám sần | F66: 1.15 | G66: 6 | Y66: =SUM(H66:X66) -> 0 | Z66: =F66*Y66*6 -> 0
A67: 5 | B67: Nẹp chặn cánh | C67: FD-YL05 | E67: Xám sần | F67: 0.372 | G67: 6 | Y67: =SUM(H67:X67) -> 0 | Z67: =F67*Y67*6 -> 0
A68: 6 | B68: Ốp đáy cánh | C68: FD-YL06 | E68: Xám sần | F68: 0.3 | G68: 6 | Y68: =SUM(H68:X68) -> 0 | Z68: =F68*Y68*6 -> 0
A69: 7 | B69: Ốp khung bao | C69: FD-YL07 | E69: Xám sần | F69: 0.192 | G69: 6 | Y69: =SUM(H69:X69) -> 0 | Z69: =F69*Y69*6 -> 0
A70: 8 | B70: Ốp cánh chẵn | C70: FD-YL08 | E70: Xám sần | F70: 1.46 | G70: 6 | Y70: =SUM(H70:X70) -> 0 | Z70: =F70*Y70*6 -> 0
A71: VII | B71: VRE- Hệ Lùa 120 & 180 | E71: Xám sần | Y71: =SUM(Y72:Y95) -> 40 | Z71: =SUM(Z72:Z95) -> 381.84
A72: 1 | B72: Khung bao đứng | C72: YL12001 | E72: Xám sần | F72: 2 | G72: 6 | I72: 11 | Y72: =SUM(H72:X72) -> 11 | Z72: =F72*Y72*6 -> 132
A73: 2 | B73: Ray dưới cửa đi lùa | C73: YL12002 | E73: Xám sần | F73: 1.51 | G73: 6 | Y73: =SUM(H73:X73) -> 0 | Z73: =F73*Y73*6 -> 0
A74: 3 | B74: Dẫn hướng trên | C74: YL12003 | E74: Xám sần | F74: 0.86 | G74: 6 | I74: 3 | Y74: =SUM(H74:X74) -> 3 | Z74: =F74*Y74*6 -> 15.48
A75: 4 | B75: Ốp khung bao đứng ngoài | C75: YL12004 | E75: Xám sần | F75: 1.36 | G75: 6 | I75: 3 | Y75: =SUM(H75:X75) -> 3 | Z75: =F75*Y75*6 -> 24.48
A76: 5 | B76: Ốp khung bao đứng trong | C76: YL12005 | E76: Xám sần | F76: 1.3 | G76: 6 | I76: 3 | Y76: =SUM(H76:X76) -> 3 | Z76: =F76*Y76*6 -> 23.4
A77: 6 | B77: Cánh lùa | C77: YL12006 | E77: Xám sần | F77: 2.02 | G77: 6 | H77: 1 | I77: 12 | Y77: =SUM(H77:X77) -> 13 | Z77: =F77*Y77*6 -> 157.56
A78: 7 | B78: Ốp móc | C78: YL12007 | E78: Xám sần | F78: 0.47 | G78: 6 | I78: 5 | Y78: =SUM(H78:X78) -> 5 | Z78: =F78*Y78*6 -> 14.1
A79: 8 | B79: Đối đầu ( Hèm cửa ) | C79: YL12008 | E79: Xám sần | F79: 0.476 | G79: 6 | Y79: =SUM(H79:X79) -> 0 | Z79: =F79*Y79*6 -> 0
A80: 9 | B80: Khung bao vách | C80: YL12009 | E80: Xám sần | F80: 1.48 | G80: 6 | I80: 1 | Y80: =SUM(H80:X80) -> 1 | Z80: =F80*Y80*6 -> 8.88
A81: 10 | B81: Đố T chia vách | C81: YL12010 | E81: Xám sần | F81: 0.99 | G81: 6 | I81: 1 | Y81: =SUM(H81:X81) -> 1 | Z81: =F81*Y81*6 -> 5.94
A82: 11 | B82: Sập kính thường kính 16 mm | C82: SH002 | E82: Xám sần | F82: 0.31 | G82: 6 | Y82: =SUM(H82:X82) -> 0 | Z82: =F82*Y82*6 -> 0
A83: 12 | B83: Sập kính hộp kính 25 mm | C83: SH001 | E83: Xám sần | F83: 0.278 | G83: 6 | Y83: =SUM(H83:X83) -> 0 | Z83: =F83*Y83*6 -> 0
A84: 13 | B84: Sập kính đơn 12 mm | C84: SD6003 | E84: Xám sần | F84: 0.337 | G84: 6 | Y84: =SUM(H84:X84) -> 0 | Z84: =F84*Y84*6 -> 0
A85: 14 | B85: Khung bao đứng 3 ray | C85: YL18001 | E85: Xám sần | F85: 2.85 | G85: 6 | Y85: =SUM(H85:X85) -> 0 | Z85: =F85*Y85*6 -> 0
A86: 15 | B86: Khung ngang dưới 3 ray | C86: YL18006 | E86: Xám sần | F86: 2.21 | G86: 6 | Y86: =SUM(H86:X86) -> 0 | Z86: =F86*Y86*6 -> 0
A87: 16 | B87: Nối dẫn hướng trên 3 ray | C87: YL18004 | E87: Xám sần | F87: 0.62 | G87: 6 | Y87: =SUM(H87:X87) -> 0 | Z87: =F87*Y87*6 -> 0
A88: 17 | B88: Nối ốp khung bao đứng trong | C88: YL18002 | E88: Xám sần | F88: 0.65 | G88: 6 | Y88: =SUM(H88:X88) -> 0 | Z88: =F88*Y88*6 -> 0
A89: 18 | B89: Nối ốp khung bao đứng ngoài | C89: YL18007 | E89: Xám sần | F89: 0.63 | G89: 6 | Y89: =SUM(H89:X89) -> 0 | Z89: =F89*Y89*6 -> 0
A90: 19 | B90: Nối khung bao vách | C90: YL18005 | E90: Xám sần | F90: 0.63 | G90: 6 | Y90: =SUM(H90:X90) -> 0 | Z90: =F90*Y90*6 -> 0
A91: 20 | B91: Nối ốp khung bao đứng trong | C91: YL18003 | E91: Xám sần | F91: 0.62 | G91: 6 | Y91: =SUM(H91:X91) -> 0 | Z91: =F91*Y91*6 -> 0
A92: 22 | B92: Ốp móc cánh đôi | C92: YL18008 | E92: Xám sần | F92: 0.77 | G92: 6 | Y92: =SUM(H92:X92) -> 0 | Z92: =F92*Y92*6 -> 0
A93: 23 | B93: Nắp ốp móc cửa lùa | C93: TQ-011 | E93: Xám sần | F93: 0.1 | G93: 6 | Y93: =SUM(H93:X93) -> 0 | Z93: =F93*Y93*6 -> 0
A94: 24 | B94: Ray inox cửa lùa | C94: 14x5 | G94: 6 | Y94: =SUM(H94:X94) -> 0 | Z94: =F94*Y94*6 -> 0
A95: 25 | B95: Ray inox cửa lùa | C95: 10.8x5 | G95: 6 | Y95: =SUM(H95:X95) -> 0 | Z95: =F95*Y95*6 -> 0
A96: IX | B96: HỆ LÙA 94 MỚI | E96: Xám sần | Y96: =SUM(Y97:Y110) -> 36 | Z96: =SUM(Z97:Z110) -> 183.93
A97: 1 | B97: Khung cửa 94 | C97: VRE94-01 | E97: Xám sần | F97: 1.425 | G97: 6 | I97: 3 | J97: 2 | Y97: =SUM(H97:X97) -> 5 | Z97: =F97*Y97*6 -> 42.75
B98: Khung bao 3 ray 94 cao | C98: VRE94-01C | E98: Xám sần | F98: 2.15 | Y98: =SUM(H98:X98) -> 0 | Z98: =F98*Y98*6 -> 0
B99: Khung bao 3 ray 94 thap | C99: VRE94-01T | E99: Xám sần | F99: 1.525 | Y99: =SUM(H99:X99) -> 0 | Z99: =F99*Y99*6 -> 0
A100: 2 | B100: Cánh cửa 94 | C100: VRE94-02 | E100: Xám sần | F100: 1.235 | G100: 6 | I100: 4 | J100: 6 | K100: 3 | Y100: =SUM(H100:X100) -> 13 | Z100: =F100*Y100*6 -> 96.33
A101: 3 | B101: Ray dưới 94 | C101: VRE94-03 | E101: Xám sần | F101: 1.142 | G101: 6 | J101: 1 | Y101: =SUM(H101:X101) -> 1 | Z101: =F101*Y101*6 -> 6.852
...

Sheet NHẬP KHO 
A2: STT | B2: TÊN GỌI | C2: MÃ CÂY | D2: MẶT CẮT | E2: MÀU SẮC | F2: TỶ TRỌNG THÔ | G2: 18/11 | H2: 24/11 | I2: 25/11 | T2: TỔNG NHẬP (cây) | U2: TỔNG NHẬP THEO KG
A3: Nhà CC | G3: ĐÔNG ÂU | H3: ĐÔNG ÂU | I3: Yangly | T3: B | U3: C=A*B*6m
A4: TỔNG SỐ CÂY NHẬP | G4: =SUM(G6:G127) -> 194 | H4: =SUM(H6:H127) -> 110 | I4: =SUM(I6:I127) -> 94 | J4: =SUM(J6:J127) -> 0 | K4: =SUM(K6:K127) -> 0 | L4: =SUM(L6:L127) -> 0 | M4: =SUM(M6:M127) -> 0 | N4: =SUM(N6:N127) -> 0 | ... S4: =SUM(S6:S127) -> 0 | T4: =T5+T38+T42+T49+T62+T71+T96+T111+T122 -> 398
A5: I | B5: VRA-Hệ 55 Mở quay | E5: Xám sần | T5: =SUM(T6:T37) -> 85 | U5: =SUM(U6:U37) -> 243.408
A6: 1 | B6: Khung vách | C6: C3209 | E6: Xám sần | F6: 0.842 | H6: 26 | T6: =SUM(G6:S6) -> 26 | U6: =F6*T6*6 -> 131.352
A7: 2 | B7: Khung bao cửa sổ mở quay | C7: C3318 | E7: Xám sần | F7: 0.887 | T7: =SUM(G7:S7) -> 0 | U7: =F7*T7*6 -> 0
A8: 3 | B8: Cây đảo khuôn bao | C8: C3208 | E8: Xám sần | F8: 0.798 | T8: =SUM(G8:S8) -> 0 | U8: =F8*T8*6 -> 0
A9: 4 | B9: Cánh cửa sổ mở ngoài | C9: C3202P | E9: Xám sần | F9: 1.127 | T9: =SUM(G9:S9) -> 0 | U9: =F9*T9*6 -> 0
A10: 5 | B10: Đố tĩnh chia Khung cửa sổ | C10: C3313 | E10: Xám sần | F10: 1.056 | T10: =SUM(G10:S10) -> 0 | U10: =F10*T10*6 -> 0
A11: 6 | B11: Đố tĩnh chia cánh | C11: C3203 | E11: Xám sần | F11: 1.001 | T11: =SUM(G11:S11) -> 0 | U11: =F11*T11*6 -> 0
A12: 7 | B12: Khung bao cửa đi | C12: C3328 | E12: Xám sần | F12: 1.286 | T12: =SUM(G12:S12) -> 0 | U12: =F12*T12*6 -> 0
A13: 8 | B13: Cánh cửa đi mở ngoài | C13: C3303P | E13: Xám sần | F13: 1.496 | T13: =SUM(G13:S13) -> 0 | U13: =F13*T13*6 -> 0
A14: 9 | B14: Cánh cửa đi mở trong | C14: C3332P | E14: Xám sần | F14: 1.496 | T14: =SUM(G14:S14) -> 0 | U14: =F14*T14*6 -> 0
A15: 10 | B15: Đố ngang dưới cánh cửa đi | C15: C3304P | E15: Xám sần | F15: 2.107 | T15: =SUM(G15:S15) -> 0 | U15: =F15*T15*6 -> 0
A16: 11 | B16: Đố động cửa đi | C16: C3323 | E16: Xám sần | F16: 0.828 | T16: =SUM(G16:S16) -> 0 | U16: =F16*T16*6 -> 0
A17: 12 | B17: Ốp chân cánh cửa đi | C17: C3329 | E17: Xám sần | F17: 0.448 | T17: =SUM(G17:S17) -> 0 | U17: =F17*T17*6 -> 0
A18: 13 | B18: Nẹp kính đơn >12mm | C18: C3295 | E18: Xám sần | F18: 0.238 | T18: =SUM(G18:S18) -> 0 | U18: =F18*T18*6 -> 0
... A25: 20 | B25: Cây chuyển góc 135 độ | C25: C910 | E25: Xám sần | F25: 0.962 | T25: =SUM(G25:S25) -> 0 | U25: =F25*T25*6 -> 0
A26: 21 | B26: Thanh ghép 2mm | C26: C3300 | E26: Xám sần | F26: 0.364 | I26: 19 | T26: =SUM(G26:S26) -> 19 | U26: =F26*T26*6 -> 41.496
A27: 22 | B27: Pano | C27: F077 | E27: Xám sần | F27: 0.697 | T27: =SUM(G27:S27) -> 0 | U27: =F27*T27*6 -> 0
A28: 23 | B28: Ngưỡng cửa đi | C28: C3319 | E28: Xám sần | F28: 0.723 | T28: =SUM(G28:S28) -> 0 | U28: =F28*T28*6 -> 0
A29: 24 | B29: Khung chớp | C29: E1283 | E29: Xám sần | F29: 0.21 | T29: =SUM(G29:S29) -> 0 | U29: =F29*T29*6 -> 0
A30: 25 | B30: Nan chớp | C30: E192 | E30: Xám sần | F30: 0.34 | T30: =SUM(G30:S30) -> 0 | U30: =F30*T30*6 -> 0
A31: 26 | B31: Cánh cửa đi mở trong mới | C31: VRA55-02 | E31: Xám sần | F31: 1.515 | T31: =SUM(G31:S31) -> 0 | U31: =F31*T31*6 -> 0
A32: 27 | B32: Cánh cửa đi mở ngoài mới | C32: VRA55-03 | E32: Xám sần | F32: 1.515 | T32: =SUM(G32:S32) -> 0 | U32: =F32*T32*6 -> 0
A33: 28 | B33: Cánh cửa sổ mới | C33: VRA55-01 | E33: Xám sần | F33: 1.163 | T33: =SUM(G33:S33) -> 0 | U33: =F33*T33*6 -> 0
A34: 29 | B34: Nẹp kính hộp cho VRA55 cánh cửa sổ mới | C34: VRA55-04 | E34: Xám sần | F34: 0.233 | T34: =SUM(G34:S34) -> 0 | U34: =F34*T34*6 -> 0
A35: 30 | B35: Ốp chân cánh cửa đi | C35: C22900 | E35: Xám sần | F35: 0.405 | T35: =SUM(G35:S35) -> 0 | U35: =F35*T35*6 -> 0
A36: 31 | B36: Sập kính hộp | C36: SH6002 | E36: Xám sần | F36: 0.31 | G36: 20 | T36: =SUM(G36:S36) -> 20 | U36: =F36*T36*6 -> 37.2
A37: 32 | B37: Sập kính hộp | C37: SH6001 | E37: Xám sần | F37: 0.278 | G37: 20 | T37: =SUM(G37:S37) -> 20 | U37: =F37*T37*6 -> 33.36
A38: II | B38: VRA-Hệ 50 | E38: Xám sần | T38: =SUM(T39:T41) -> 0 | U38: =SUM(U39:U41) -> 0
A39: 1 | B39: Cánh cửa sổ | C39: VRA50-02 | E39: Xám sần | F39: 0.958 | T39: =SUM(G39:S39) -> 0 | U39: =F39*T39*6 -> 0
A40: 2 | B40: Cánh cửa đi | C40: VRA50-01 | E40: Xám sần | F40: 1.038 | T40: =SUM(G40:S40) -> 0 | U40: =F40*T40*6 -> 0
A41: 3 | B41: Chia ô nhỏ | C41: Q56A | E41: Xám sần | F41: 0.75 | T41: =SUM(G41:S41) -> 0 | U41: =F41*T41*6 -> 0
A42: III | B42: VRA-Hệ 64 Cửa sổ lùa | E42: Xám sần | T42: =SUM(T43:T45) -> 0 | U42: =SUM(U43:U45) -> 0
A43: 1 | B43: Khung cửa lùa | C43: VRA64-01 | E43: Xám sần | F43: 1.041 | T43: =SUM(G43:S43) -> 0 | U43: =F43*T43*6 -> 0
A44: 2 | B44: Cánh cửa lùa | C44: VRA64-02 | E44: Xám sần | F44: 1.155 | T44: =SUM(G44:S44) -> 0 | U44: =F44*T44*6 -> 0
A45: 3 | B45: Ốp móc cửa lùa | C45: VRA64-03 | E45: Xám sần | F45: 0.42 | T45: =SUM(G45:S45) -> 0 | U45: =F45*T45*6 -> 0
A46: V | B46: VRE -Hệ 65 Mở quay | C46: Mạnh Quy | E46: Xám sần | T46: =SUM(T47:T48) -> 0 | U46: =SUM(U47:U48) -> 0
A47: 10 | B47: Che chân | C47: ALUK-EU C6517 | E47: Xám sần | F47: 0.239 | T47: =SUM(G47:S47) -> 0 | U47: =F47*T47*6 -> 0
A48: 11 | B48: Chắn nước | C48: ALUK-EU C6518 | E48: Xám sần | F48: 1.079 | T48: =SUM(G48:S48) -> 0 | U48: =F48*T48*6 -> 0
A49: VI | B49: VRE -Hệ 65 Mở quay | C49: Yangly | E49: Xám sần | T49: =SUM(T50:T61) -> 243 | U49: =SUM(U50:U61) -> 1452.96
A50: 1 | B50: Khung bao cửa đi/cửa sổ | C50: YL6501 | E50: Xám sần | F50: 1.477 | G50: 24 | I50: 40 | T50: =SUM(G50:S50) -> 64 | U50: =F50*T50*6 -> 567.168
A51: 2 | B51: Cánh cđ mở ngoài kép | C51: YL6503 | E51: Xám sần | F51: 1.813 | G51: 16 | T51: =SUM(G51:S51) -> 16 | U51: =F51*T51*6 -> 174.048
A52: 3 | B52: Cánh cđ mở trong kép | C52: YL6504 | E52: Xám sần | F52: 1.814 | T52: =SUM(G52:S52) -> 0 | U52: =F52*T52*6 -> 0
A53: 4 | B53: Cánh cửa sổ kép | C53: YL6505M | E53: Xám sần | F53: 1.402 | G53: 16 | I53: 35 | T53: =SUM(G53:S53) -> 51 | U53: =F53*T53*6 -> 429.012
A54: 5 | B54: I nối | C54: YL6511 | E54: Xám sần | F54: 0.415 | G54: 10 | T54: =SUM(G54:S54) -> 10 | U54: =F54*T54*6 -> 24.9
A55: 6 | B55: Sập kính đơn 20 - 25 mm | C55: YL6513 | E55: Xám sần | F55: 0.278 | H55: 84 | T55: =SUM(G55:S55) -> 84 | U55: =F55*T55*6 -> 140.112
A56: 7 | B56: Sập kính đơn 5 - 10 mm | C56: YL6514 | E56: Xám sần | F56: 0.334 | T56: =SUM(G56:S56) -> 0 | U56: =F56*T56*6 -> 0
A57: 8 | B57: Đảo khung | C57: YL6505M | E57: Xám sần | F57: 0.917 | T57: =SUM(G57:S57) -> 0 | U57: =F57*T57*6 -> 0
A58: 9 | B58: Đố động dùng chung | C58: YL6507 | E58: Xám sần | F58: 1.09 | G58: 18 | T58: =SUM(G58:S58) -> 18 | U58: =F58*T58*6 -> 117.72
A59: 10 | B59: Đố T chia fix | C59: YL6506 | E59: Xám sần | F59: 1.269 | T59: =SUM(G59:S59) -> 0 | U59: =F59*T59*6 -> 0
A60: 11 | B60: Chuyển góc | C60: YL6510 | E60: Xám sần | F60: 0.952 | T60: =SUM(G60:S60) -> 0 | U60: =F60*T60*6 -> 0
A61: 12 | B61: Ốp chân cánh cửa đi | C61: YL6509 | E61: Xám sần | F61: 0.668 | T61: =SUM(G61:S61) -> 0 | U61: =F61*T61*6 -> 0
A62: VII | B62: VRE- Hệ Xếp trượt 80 | E62: Xám sần | T62: =SUM(T63:T70) -> 0 | U62: =SUM(U63:U70) -> 0
A63: 1 | B63: Khung bao hệ xếp trượt | C63: FD-YL01 | E63: Xám sần | F63: 2.125 | T63: =SUM(G63:S63) -> 0 | U63: =F63*T63*6 -> 0
A64: 2 | B64: Cánh hệ xếp trượt | C64: FD-YL02 | E64: Xám sần | F64: 2.074 | T64: =SUM(G64:S64) -> 0 | U64: =F64*T64*6 -> 0
A65: 3 | B65: Hèm khóa hệ xếp trượt | C65: FD-YL03 | E65: Xám sần | F65: 0.896 | T65: =SUM(G65:S65) -> 0 | U65: =F65*T65*6 -> 0
A66: 4 | B66: Máng ray dưới hệ xếp trượt | C66: FD-YL04 | E66: Xám sần | F66: 1.15 | T66: =SUM(G66:S66) -> 0 | U66: =F66*T66*6 -> 0
A67: 5 | B67: Nẹp chặn cánh | C67: FD-YL05 | E67: Xám sần | F67: 0.372 | T67: =SUM(G67:S67) -> 0 | U67: =F67*T67*6 -> 0
A68: 6 | B68: Ốp đáy cánh | C68: FD-YL06 | E68: Xám sần | F68: 0.3 | T68: =SUM(G68:S68) -> 0 | U68: =F68*T68*6 -> 0
A69: 7 | B69: Ốp khung bao | C69: FD-YL07 | E69: Xám sần | F69: 0.192 | T69: =SUM(G69:S69) -> 0 | U69: =F69*T69*6 -> 0
A70: 8 | B70: Ốp cánh chẵn | C70: FD-YL08 | E70: Xám sần | F70: 1.46 | T70: =SUM(G70:S70) -> 0 | U70: =F70*T70*6 -> 0
A71: VII | B71: VRE- Hệ Lùa 120 & 180 | E71: Xám sần | T71: =SUM(T72:T95) -> 48 | U71: =SUM(U72:U95) -> 407.76
A72: 1 | B72: Khung bao đứng | C72: YL12001 | E72: Xám sần | F72: 2 | G72: 12 | T72: =SUM(G72:S72) -> 12 | U72: =F72*T72*6 -> 144
A73: 2 | B73: Ray dưới cửa đi lùa | C73: YL12002 | E73: Xám sần | F73: 1.51 | T73: =SUM(G73:S73) -> 0 | U73: =F73*T73*6 -> 0
A74: 3 | B74: Dẫn hướng trên | C74: YL12003 | E74: Xám sần | F74: 0.86 | G74: 4 | T74: =SUM(G74:S74) -> 4 | U74: =F74*T74*6 -> 20.64
A75: 4 | B75: Ốp khung bao đứng ngoài | C75: YL12004 | E75: Xám sần | F75: 1.36 | G75: 4 | T75: =SUM(G75:S75) -> 4 | U75: =F75*T75*6 -> 32.64
A76: 5 | B76: Ốp khung bao đứng trong | C76: YL12005 | E76: Xám sần | F76: 1.3 | G76: 4 | T76: =SUM(G76:S76) -> 4 | U76: =F76*T76*6 -> 31.2
A77: 6 | B77: Cánh lùa | C77: YL12006 | E77: Xám sần | F77: 2.02 | G77: 12 | T77: =SUM(G77:S77) -> 12 | U77: =F77*T77*6 -> 145.44
A78: 7 | B78: Ốp móc | C78: YL12007 | E78: Xám sần | F78: 0.47 | G78: 12 | T78: =SUM(G78:S78) -> 12 | U78: =F78*T78*6 -> 33.84
A79: 8 | B79: Đối đầu ( Hèm cửa ) | C79: YL12008 | E79: Xám sần | F79: 0.476 | T79: =SUM(G79:S79) -> 0 | U79: =F79*T79*6 -> 0
A80: 9 | B80: Khung bao vách | C80: YL12009 | E80: Xám sần | F80: 1.48 | T80: =SUM(G80:S80) -> 0 | U80: =F80*T80*6 -> 0
A81: 10 | B81: Đố T chia vách | C81: YL12010 | E81: Xám sần | F81: 0.99 | T81: =SUM(G81:S81) -> 0 | U81: =F81*T81*6 -> 0
A82: 11 | B82: Sập kính thường kính 16 mm | C82: SH002 | E82: Xám sần | F82: 0.31 | T82: =SUM(G82:S82) -> 0 | U82: =F82*T82*6 -> 0
A83: 12 | B83: Sập kính hộp kính 25 mm | C83: SH001 | E83: Xám sần | F83: 0.278 | T83: =SUM(G83:S83) -> 0 | U83: =F83*T83*6 -> 0
A84: 13 | B84: Sập kính đơn 12 mm | C84: SD6003 | E84: Xám sần | F84: 0.337 | T84: =SUM(G84:S84) -> 0 | U84: =F84*T84*6 -> 0
A85: 14 | B85: Khung bao đứng 3 ray | C85: YL18001 | E85: Xám sần | F85: 2.85 | T85: =SUM(G85:S85) -> 0 | U85: =F85*T85*6 -> 0
A86: 15 | B86: Khung ngang dưới 3 ray | C86: YL18006 | E86: Xám sần | F86: 2.21 | T86: =SUM(G86:S86) -> 0 | U86: =F86*T86*6 -> 0
A87: 16 | B87: Nối dẫn hướng trên 3 ray | C87: YL18004 | E87: Xám sần | F87: 0.62 | T87: =SUM(G87:S87) -> 0 | U87: =F87*T87*6 -> 0
A88: 17 | B88: Nối ốp khung bao đứng trong | C88: YL18002 | E88: Xám sần | F88: 0.65 | T88: =SUM(G88:S88) -> 0 | U88: =F88*T88*6 -> 0
A89: 18 | B89: Nối ốp khung bao đứng ngoài | C89: YL18007 | E89: Xám sần | F89: 0.63 | T89: =SUM(G89:S89) -> 0 | U89: =F89*T89*6 -> 0
A90: 19 | B90: Nối khung bao vách | C90: YL18005 | E90: Xám sần | F90: 0.63 | T90: =SUM(G90:S90) -> 0 | U90: =F90*T90*6 -> 0
... A93: 23 | B93: Nắp ốp móc cửa lùa | C93: TQ-011 | E93: Xám sần | F93: 0.1 | T93: =SUM(G93:S93) -> 0 | U93: =F93*T93*6 -> 0
A94: 24 | B94: Ray inox cửa lùa | C94: 14x5 | T94: =SUM(G94:S94) -> 0 | U94: =F94*T94*6 -> 0
A95: 25 | B95: Ray inox cửa lùa | C95: 10.8x5 | T95: =SUM(G95:S95) -> 0 | U95: =F95*T95*6 -> 0
A96: IX | B96: HỆ LÙA 94 MỚI | E96: Xám sần | T96: =SUM(T97:T110) -> 22 | U96: =SUM(U97:U110) -> 106.5
A97: 1 | B97: Khung cửa 94 | C97: VRE94-01 | E97: Xám sần | F97: 1.425 | T97: =SUM(G97:S97) -> 0 | U97: =F97*T97*6 -> 0
A98: 2 | B98: Khung bao 3 ray 94 cao | C98: VRE94-01C | E98: Xám sần | F98: 2.15 | T98: =SUM(G98:S98) -> 0 | U98: =F98*T98*6 -> 0
A99: 3 | B99: Khung bao 3 ray 94 thap | C99: VRE94-01T | E99: Xám sần | F99: 1.525 | T99: =SUM(G99:S99) -> 0 | U99: =F99*T99*6 -> 0
A100: 4 | B100: Cánh cửa 94 | C100: VRE94-02 | E100: Xám sần | F100: 1.235 | G100: 12 | T100: =SUM(G100:S100) -> 12 | U100: =F100*T100*6 -> 88.92
A101: 5 | B101: Ray dưới 94 | C101: VRE94-03 | E101: Xám sần | F101: 1.142 | T101: =SUM(G101:S101) -> 0 | U101: =F101*T101*6 -> 0
A102: 6 | B102: Móc 94 | C102: VRE94-04 | E102: Xám sần | F102: 0.443 | T102: =SUM(G102:S102) -> 0 | U102: =F102*T102*6 -> 0
A103: 7 | B103: Fix 94 | C103: VRE94-05 | E103: Xám sần | F103: 0.92 | T103: =SUM(G103:S103) -> 0 | U103: =F103*T103*6 -> 0
A104: 8 | B104: Ốp khung bao | C104: VRE94-06 | E104: Xám sần | F104: 0.293 | G104: 10 | T104: =SUM(G104:S104) -> 10 | U104: =F104*T104*6 -> 17.58
A105: 9 | B105: Hèm 4 cánh 94 | C105: VRE94-07 | E105: Xám sần | F105: 0.339 | T105: =SUM(G105:S105) -> 0 | U105: =F105*T105*6 -> 0
A106: 10 | B106: Bắt phụ kiện 94 | C106: LIN H17 | E106: Xám sần | F106: 0.221 | T106: =SUM(G106:S106) -> 0 | U106: =F106*T106*6 -> 0
A107: 11 | B107: Đố T | C107: AL5506 | E107: Xám sần | F107: 1.219 | T107: =SUM(G107:S107) -> 0 | U107: =F107*T107*6 -> 0
A108: 12 | B108: Sập vát cạnh (dùng cho Fix 94) | C108: YLCF-S55 | E108: Xám sần | F108: 0.22 | T108: =SUM(G108:S108) -> 0 | U108: =F108*T108*6 -> 0
A109: 13 | B109: Sập kính vách 94 | C109: SK94 | E109: Xám sần | F109: 0.181 | T109: =SUM(G109:S109) -> 0 | U109: =F109*T109*6 -> 0
...
